Average_Rating,Brand,Date,Express,Get_It_BY,Link,Name,Price,Rating_count,Sale_price,Sponsered
5.0,TYCOM,2024-10-10,Y,11 - 12 Oct,https://www.noon.com//uae-en/tycom-resistance-loop-bands-resistance-exercise-bands-set-workout-bands-flex-bands-for-home-fitness-stretching-strength-training-physical-therapy-yoga/ZE5D7520215AA49D4ED49Z/p/?o=ze5d7520215aa49d4ed49z-1,"TYCOM Tycom Resistance Loop Bands- Resistance Exercise Bands Set Workout Bands Flex bands for Home Fitness, Stretching, Strength Training, Physical Therapy, Yoga ",28.90,1, 49,Y
,MELA,2024-10-10,Y,12 Oct,https://www.noon.com//uae-en/mela-non-slip-yoga-mat-for-home-gym-6mm-thick-eco-friendly-tpe-cushioned-exercise-mat-with-carry-strap-perfect-for-yoga-pilates-fitness-training-gymnastics-essentials-beige/ZECB29782C8C4BD506B8EZ/p/?o=zecb29782c8c4bd506b8ez-1,"MELA MELA Non-Slip Yoga Mat for Home Gym - 6mm Thick, Eco-Friendly TPE, Cushioned Exercise Mat with Carry Strap - Perfect for Yoga, Pilates, Fitness Training, & Gymnastics Essentials  - Beige ",79,, 119,Y
,Generic,2024-10-10,Y,11 - 12 Oct,https://www.noon.com//uae-en/5-pieces-sports-wicking-instant-dry-cooling-towel/ZD47F076F0E799BD13A58Z/p/?o=zd47f076f0e799bd13a58z-1,Generic 5 Pieces Sports Wicking Instant Dry Cooling Towel ,30.50,, 59.95,Y
4.8,Bernessi,2024-10-10,Y,11 - 12 Oct,https://www.noon.com//uae-en/8mm-yoga-mat-with-carrying-strap-anti-slip-for-home-workout-exercises-meditation-eco-friendly-non-skid-tpe-yoga-mattres-for-pilates-183x61x0-8cm-thick-pink-black-color/Z24E1B5B4FDE8BB5C6111Z/p/?o=z24e1b5b4fde8bb5c6111z-1,"Bernessi 8MM Yoga Mat with Carrying Strap Anti-Slip for Home Workout Exercises Meditation Eco Friendly, Non Skid TPE Yoga Mattres for Pilates 183x61x0.8cm Thick, Pink/Black Color ",69.90,51, 165,
4.1,Fitness,2024-10-10,Y,12 Oct,https://www.noon.com//uae-en/anti-slip-yoga-mat-with-carry-strap/N27330175A/p/?o=c04795b40495c95d,Fitness World Anti-Slip Yoga Mat With Carry Strap ,35,213,,
5.0,Maston,2024-10-10,Y,11 - 12 Oct,https://www.noon.com//uae-en/yoga-pilates-ring-fitness-magic-circle-wrap-slimming-body-building-fitness-accessories-foamroller/Z532ED4BF3B873929AEF6Z/p/?o=z532ed4bf3b873929aef6z-1,Maston Yoga Pilates Ring Fitness Magic Circle Wrap Slimming Body Building Fitness Accessories foamroller ,35,1, 39,Y
5.0,Generic,2024-10-10,Y,11 - 12 Oct,https://www.noon.com//uae-en/extra-thick-high-density-anti-tear-exercise-yoga-mat/Z6AA422C01041A12BF086Z/p/?o=z6aa422c01041a12bf086z-1,Generic Extra Thick High Density Anti-Tear Exercise Yoga Mat ,29,2, 648,Y
3.1,MahMir,2024-10-10,Y,12 Oct,https://www.noon.com//uae-en/mahmir-eva-foam-roller-for-yoga-deep-tissue-massage-stretching-physical-therapy-relieve-stress-improve-mobility-with-foam-roller-for-legs-and-muscles-deep-tissue-massage-tool-light-blue/Z1FFBA90CF03B4E1CDF5CZ/p/?o=z1ffba90cf03b4e1cdf5cz-1,"MahMir Mahmir® EVA Foam Roller for Yoga, Deep Tissue Massage, Stretching, Physical Therapy, Relieve Stress, Improve Mobility with Foam Roller for Legs and Muscles - Deep Tissue Massage Tool (Light Blue) ",29.95,3,,Y
5.0,MahMir,2024-10-10,Y,11 - 12 Oct,https://www.noon.com//uae-en/mahmir-yoga-mat-anti-slip-exercise-mat-with-carrying-bag-fitness-mat-for-pilates-183cm-61cm-6mm-thickness-for-woman-man-beginners-black-light-grey/ZB6A26C6FF922D524ABBAZ/p/?o=zb6a26c6ff922d524abbaz-1,MahMir MahMir Yoga Mat Anti-Slip Exercise Mat with Carrying Bag Fitness Mat for Pilates 183CM*61CM*6MM Thickness for Woman Man Beginners  Black+Light Grey ,47.45,11, 59.95,
,MELA,2024-10-10,Y,12 Oct,https://www.noon.com//uae-en/mela-non-slip-yoga-mat-for-home-gym-6mm-thick-eco-friendly-tpe-cushioned-exercise-mat-with-carry-strap-perfect-for-yoga-pilates-fitness-training-gymnastics-essentials-beige/ZECB29782C8C4BD506B8EZ/p/?o=zecb29782c8c4bd506b8ez-1,"MELA MELA Non-Slip Yoga Mat for Home Gym - 6mm Thick, Eco-Friendly TPE, Cushioned Exercise Mat with Carry Strap - Perfect for Yoga, Pilates, Fitness Training, & Gymnastics Essentials  - Beige ",79,, 119,
5.0,Bernessi,2024-10-10,Y,11 - 12 Oct,https://www.noon.com//uae-en/8mm-yoga-mat-with-carrying-strap-anti-slip-for-home-workout-exercises-meditation-eco-friendly-non-skid-tpe-yoga-mattres-for-pilates-183x61x0-8cm-thick-light-pink-black-color/Z212ACDF2F7760CD34A11Z/p/?o=z212acdf2f7760cd34a11z-1,"Bernessi 8MM Yoga Mat with Carrying Strap Anti-Slip for Home Workout Exercises Meditation Eco Friendly, Non Skid TPE Yoga Mattres for Pilates 183x61x0.8cm Thick, Light Pink / Black Color ",61.25,3, 180,
4.6,MahMir,2024-10-10,Y,11 - 12 Oct,https://www.noon.com//uae-en/mahmir-yoga-mat-anti-slip-exercise-mat-with-carrying-bag-fitness-mat-for-pilates-183cm-61cm-6mm-thickness-for-woman-man-beginners-pink-light-grey/Z5B557BA405F39E1C40DEZ/p/?o=z5b557ba405f39e1c40dez-1,MahMir MahMir Yoga Mat Anti-Slip Exercise Mat with Carrying Bag Fitness Mat for Pilates 183CM*61CM*6MM Thickness for Woman Man Beginners (Pink + Light Grey) ,49.95,19, 69.95,
4.4,MahMir,2024-10-10,Y,11 - 12 Oct,https://www.noon.com//uae-en/mahmir-yoga-mat-anti-slip-exercise-mat-with-carrying-bag-fitness-mat-for-pilates-183cm-61cm-6mm-thickness-for-woman-man-beginners-purple-pink/Z4DDA125062C7766547DDZ/p/?o=z4dda125062c7766547ddz-1,MahMir MahMir Yoga Mat Anti-Slip Exercise Mat with Carrying Bag Fitness Mat for Pilates 183CM*61CM*6MM Thickness for Woman Man Beginners ( Purple + Pink) ,49.95,21, 69.95,
3.8,NNEWVANTE,2024-10-10,Y,11 - 12 Oct,https://www.noon.com//uae-en/nnewvante-silk-sleep-mask-2-pack-100-real-natural-pure-silk-eye-mask-with-adjustable-strap-eye-mask-for-sleeping-eye-sleep-shade-cover-blocks-light-reduces-puffy-eyes-gifts/Z549615CC1C4033D14D98Z/p/?o=z549615cc1c4033d14d98z-1,"NNEWVANTE Nnewvante Silk Sleep Mask, 2 Pack 100% Real Natural Pure Silk Eye Mask with Adjustable Strap, Eye Mask for Sleeping, Eye Sleep Shade Cover, Blocks Light Reduces Puffy Eyes Gifts ",23.95,3, 35.95,Y
,LYNLYN,2024-10-10,Y,11 - 12 Oct,https://www.noon.com//uae-en/1-5m-resistance-bands-for-yoga-pilates-strength-training-elastic-bands-for-flexibility-rehab-fitness-ideal-for-men-women-purple/ZC9120F5FA66B652CD3C3Z/p/?o=zc9120f5fa66b652cd3c3z-1,"LYNLYN 1.5m Resistance Bands for Yoga, Pilates, Strength Training, Elastic Bands for Flexibility, Rehab, Fitness, Ideal for Men & Women (Purple) ",29.90,, 79,Y
4.8,Spall,2024-10-10,Y,12 Oct,https://www.noon.com//uae-en/yoga-mat-non-slip-yoga-mat-with-strap-included-10mm-thick-exercise-mat-yoga-and-many-other-home-workouts/Z3859B43C495F32F447DCZ/p/?o=z3859b43c495f32f447dcz-1,"Spall Yoga Mat Non Slip,Yoga Mat with Strap Included 10mm Thick Exercise Mat Yoga and Many Other Home Workouts ",35,4, 80,
4.3,Generic,2024-10-10,Y,12 Oct,https://www.noon.com//uae-en/anti-tear-exercise-mat-with-carrying-strap/N20034889A/p/?o=abbe15bc1256030c,Generic Anti-Tear Exercise Mat With Carrying Strap ,37.50,1.5K, 239,
5.0,Spall,2024-10-10,Y,12 Oct,https://www.noon.com//uae-en/yoga-mat-non-slip-yoga-mat-with-strap-included-10mm-thick-exercise-mat-yoga-and-many-other-home-workouts/Z4247101839A17521A8B9Z/p/?o=z4247101839a17521a8b9z-1,"Spall Yoga Mat Non Slip,Yoga Mat with Strap Included 10mm Thick Exercise Mat Yoga and Many Other Home Workouts ",35,2, 80,
4.5,MahMir,2024-10-10,Y,11 - 12 Oct,https://www.noon.com//uae-en/mahmir-yoga-mat-anti-slip-exercise-mat-with-carrying-bag-fitness-mat-for-pilates-183cm-61cm-6mm-thickness-for-woman-man-beginners-dark-grey-black/Z83C8A1AAB21D372A0063Z/p/?o=z83c8a1aab21d372a0063z-1,MahMir MahMir Yoga Mat Anti-Slip Exercise Mat with Carrying Bag Fitness Mat for Pilates 183CM*61CM*6MM Thickness for Woman Man Beginners (Dark Grey + Black) ,49.95,28, 69.95,
3.0,MahMir,2024-10-10,,1 HR 24 MINS,https://www.noon.com//uae-en/mahmir-eva-foam-roller-for-yoga-deep-tissue-massage-stretching-physical-therapy-relieve-stress-improve-mobility-with-foam-roller-for-legs-and-muscles-deep-tissue-massage-tool-black/Z64EE8D8F808FF4902AEDZ/p/?o=b582689b37574c0f,"MahMir Mahmir EVA Foam Roller for Yoga, Deep Tissue Massage, Stretching, Physical Therapy, Relieve Stress, Improve Mobility with Foam Roller for Legs and Muscles - Deep Tissue Massage Tool (Black) ",26.70,10, 29.95,
4.4,Pro,2024-10-10,,13 Oct,https://www.noon.com//uae-en/yoga-mat-with-carry-strap/N16718791A/p/?o=c39533fe7cc97c2c,Pro Hanson Yoga Mat With Carry Strap ,26.75,508, 35,
4.4,body,2024-10-10,,1 HR 24 MINS,https://www.noon.com//uae-en/yoga-ball-with-air-pump-85-cm-85cm/N16529624A/p/?o=c7ada602455ed8ab,body heart Yoga Ball With Air Pump - 85 cm 85cm ,31.55,63, 39.95,
4.8,Bernessi,2024-10-10,Y,11 - 12 Oct,https://www.noon.com//uae-en/8mm-yoga-mat-with-carrying-strap-anti-slip-for-home-workout-exercises-meditation-eco-friendly-non-skid-tpe-yoga-mattres-for-pilates-183x61x0-8cm-thick-pink-black-color/Z24E1B5B4FDE8BB5C6111Z/p/?o=z24e1b5b4fde8bb5c6111z-1,"Bernessi 8MM Yoga Mat with Carrying Strap Anti-Slip for Home Workout Exercises Meditation Eco Friendly, Non Skid TPE Yoga Mattres for Pilates 183x61x0.8cm Thick, Pink/Black Color ",69.90,51, 165,Y
,URbazaar,2024-10-10,Y,11 - 12 Oct,https://www.noon.com//uae-en/yoga-mat-for-women-and-men-extra-long-and-wide-exercise-mat-72-x24-large-non-slip-workout-mat-for-yoga-pilates-fitness-barefoot-workouts-home-gym-studio/Z603FF8FD1BFB572D8D9FZ/p/?o=z603ff8fd1bfb572d8d9fz-1,"URbazaar Yoga Mat for Women and Men, Extra Long and Wide Exercise Mat(72""x24""), Large Non Slip Workout Mat for Yoga, Pilates, Fitness, Barefoot Workouts, Home Gym Studio ",59.90,, 69.90,Y
4.6,ORiTi,2024-10-10,Y,11 - 12 Oct,https://www.noon.com//uae-en/stretch-strap-with-exercise-guide-versatile-multi-loop-perfect-for-yoga-pilates-and-physical-therapy-portable-helps-improve-flexibility/Z184FBC1B30D0C5DACA2DZ/p/?o=z184fbc1b30d0c5daca2dz-1,ORiTi Stretch Strap with Exercise Guide Versatile Multi-Loop Perfect for Yoga Pilates and Physical Therapy Portable Helps Improve Flexibility ,28,2, 29,Y
4.6,MoKo,2024-10-10,,1 HR 24 MINS,https://www.noon.com//uae-en/yoga-blocks-2-pack-eva-foam-yoga-exercise-bricks-3x9x5inch/N21462369A/p/?o=ff2eb3323e48878e,MoKo Yoga Blocks 2 Pack Eva Foam Yoga Exercise Bricks 3X9X5inch ,22.15,13,,
3.1,MahMir,2024-10-10,,1 HR 24 MINS,https://www.noon.com//uae-en/mahmir-eva-foam-roller-for-yoga-deep-tissue-massage-stretching-physical-therapy-relieve-stress-improve-mobility-with-foam-roller-for-legs-and-muscles-deep-tissue-massage-tool-light-blue/Z1FFBA90CF03B4E1CDF5CZ/p/?o=f1e97d654c981d3c,"MahMir Mahmir® EVA Foam Roller for Yoga, Deep Tissue Massage, Stretching, Physical Therapy, Relieve Stress, Improve Mobility with Foam Roller for Legs and Muscles - Deep Tissue Massage Tool (Light Blue) ",29.95,3,,
4.5,Emfil,2024-10-10,,13 Oct,https://www.noon.com//uae-en/anti-skid-yoga-mat/N16718794A/p/?o=a573f487ed6990be,Emfil Anti Skid Yoga Mat ,27,381, 32.50,
2.8,GROIC,2024-10-10,Y,,https://www.noon.com//uae-en/6-pack-puzzle-exercise-floor-mat-eva-foam-mats-with-interlocking-floor-tiles-12-x-12-foam-gym-mat-protective-flooring-mats-interlocking-for-home-and-gym-equipment/Z182933F3500879193E71Z/p/?o=z182933f3500879193e71z-1,"GROIC 6 Pack Puzzle Exercise Floor Mat, EVA Foam Mats with Interlocking Floor Tiles, 12'' x 12'' Foam Gym Mat, Protective Flooring Mats Interlocking for Home and Gym Equipment ",52.30,3, 200,
4.3,body,2024-10-10,,1 HR 24 MINS,https://www.noon.com//uae-en/yoga-ball-with-air-pump-75-cm-75cm/N16529622A/p/?o=d15b61db501d74ba,body heart Yoga Ball With Air Pump - 75 cm 75cm ,37.85,156,,
4.5,RIGID,2024-10-10,,1 HR 24 MINS,https://www.noon.com//uae-en/gym-cooling-towels-3-pack-ice-sensation-sweat-towel-quick-dry-microfiber-cloth-for-exercise-yoga-running-more-high-absorbency-cooling-towels-for-intense-workouts-100x30cm/Z691A3B8C08D72CA569ECZ/p/?o=cd92098fa513df5b,"RIGID FITNESS Gym Cooling Towels (3-Pack) - Ice-Sensation Sweat Towel, Quick-Dry Microfiber Cloth for Exercise, Yoga, Running & More - High-Absorbency Cooling Towels for Intense Workouts (100x30cm) ",49.75,7, 54.50,
4.0,BODY,2024-10-10,,1 HR 38 MINS,https://www.noon.com//uae-en/yoga-mat/N11005261A/p/?o=af6756758cf728ea,BODY SCULPTURE Yoga Mat ,29.55,15, 100,
4.1,body,2024-10-10,,1 HR 24 MINS,https://www.noon.com//uae-en/yoga-ball-with-air-pump-75-cm-75cm/N16529620A/p/?o=ab7c0dd5c45dd4cb,body heart Yoga Ball With Air Pump - 75 cm 75cm ,31.60,58, 41.45,
4.4,RIGID,2024-10-10,,1 HR 24 MINS,https://www.noon.com//uae-en/microfiber-gym-towel-face-towel-yoga-towel-quick-dry-high-absorbent-sweat-towel-for-gym-exercises-and-outdoor-thick-400gsm-75x35cm-grey/Z0BBD9C7C83B7E8DF4FD6Z/p/?o=f433e986d29277cf,"RIGID FITNESS Microfiber Gym Towel - Face Towel, Yoga Towel - Quick Dry & High Absorbent Sweat Towel For Gym Exercises and Outdoor - Thick 400Gsm - 75x35cm-Grey ",45.75,19,,
,URbazaar,2024-10-10,Y,11 - 12 Oct,https://www.noon.com//uae-en/yoga-mat-for-women-and-men-extra-long-and-wide-exercise-mat-72-x24-large-non-slip-workout-mat-for-yoga-pilates-fitness-barefoot-workouts-home-gym-studio/Z603FF8FD1BFB572D8D9FZ/p/?o=z603ff8fd1bfb572d8d9fz-1,"URbazaar Yoga Mat for Women and Men, Extra Long and Wide Exercise Mat(72""x24""), Large Non Slip Workout Mat for Yoga, Pilates, Fitness, Barefoot Workouts, Home Gym Studio ",59.90,, 69.90,
4.5,Emfil,2024-10-10,Y,12 Oct,https://www.noon.com//uae-en/yoga-mat-blue-62-6cm/N16273364A/p/?o=c80f118bb2e7dccd,Emfil Yoga Mat Blue 62.6cm ,29.50,358, 40,
5.0,Spall,2024-10-10,Y,12 Oct,https://www.noon.com//uae-en/yoga-mat-non-slip-yoga-mat-with-strap-included-10mm-thick-exercise-mat-yoga-and-many-other-home-workouts/ZA3EF4D0BF060CAC7F4CDZ/p/?o=za3ef4d0bf060cac7f4cdz-1,"Spall Yoga Mat Non Slip,Yoga Mat with Strap Included 10mm Thick Exercise Mat Yoga and Many Other Home Workouts ",35,1, 80,
5.0,321,2024-10-10,Y,12 Oct,https://www.noon.com//uae-en/massage-foam-roller/N34146072A/p/?o=a2a03188f88022fc,321 STRONG Massage Foam Roller ,38,17,,
4.2,U-pick,2024-10-10,,"1 HR 24 MINS,1 HR 24 MINS,11 - 12 Oct","https://www.noon.com//uae-en/4-packs-cooling-towel-0-08x39-4x11-4inch/N21462859A/p/?o=e1aa16341fd9ce5e,https://www.noon.com//uae-en/4-packs-cooling-towel-0-08x39-4x11-4inch/N21462859A/p/?o=ae25c1030653795b,https://www.noon.com//uae-en/4-packs-cooling-towel-0-08x39-4x11-4inch/N21462859A/p/?o=e1aa16341fd9ce5e",U-pick 4 Packs Cooling Towel 0.08X39.4X11.4inch ,24.65,84, 30.45,
,YooA,2024-10-10,Y,11 - 12 Oct,https://www.noon.com//uae-en/3-pair-non-slip-yoga-socks-cotton-pilates-socks-with-straps-breathable-moisture-wicking-machine-washable-ideal-for-yoga-pilates-ballet-dance-workout-pink-black-grey-fit-size-36-42/Z28459E600CA113B6F24FZ/p/?o=z28459e600ca113b6f24fz-1,"YooA 3-Pair Non-slip Yoga Socks, Cotton Pilates Socks with Straps, Breathable&Moisture-wicking&Machine-washable, Ideal for Yoga/Pilates/Ballet/Dance/Workout (Pink+Black+Grey, Fit Size 36-42) ",33.80,, 50,
4.8,SKY-TOUCH,2024-10-10,Y,11 - 12 Oct,https://www.noon.com//uae-en/5-in-1-fitness-foam-roller-set-50cm/N39265708A/p/?o=a0325ea104099c8d,SKY-TOUCH 5-In-1 Fitness Foam Roller Set 50cm ,64.50,32,,
4.3,Ab,2024-10-10,,1 HR 24 MINS,https://www.noon.com//uae-en/abdominal-trainer-wheel-roller-with-knee-mat/N16273426A/p/?o=d93d6f76441a825a,Ab Rocket Abdominal Trainer Wheel Roller With Knee Mat ,23,358, 24,
,Generic,2024-10-10,,,https://www.noon.com//uae-en/adjustable-anti-gravity-home-aerial-yoga-hammock-swing-trapeze-inversion-tool-250-150cm/N42326497A/p/?o=bb0af8063147934d,Generic Adjustable Anti-Gravity Home Aerial Yoga Hammock Swing Trapeze Inversion Tool 250*150cm ,177.05,, 520,Y
,WENBO,2024-10-10,Y,11 - 12 Oct,https://www.noon.com//uae-en/balance-trainer-with-resistance-bands-balance-board-yoga-half-ball-air-dome-balance-ball-with-pump-improve-core-and-ab-strength-with-full-body-home-gym-workouts-or-fitness-training/Z8E11327164B07C1284D1Z/p/?o=z8e11327164b07c1284d1z-1,"WENBO Balance Trainer with Resistance Bands, Balance Board, Yoga Half Ball, Air Dome Balance Ball with Pump,Improve Core and Ab Strength with Full Body Home Gym Workouts Or Fitness Training ",168.55,, 199,Y
,WENBO,2024-10-10,Y,11 - 12 Oct,https://www.noon.com//uae-en/foam-yoga-roller-for-body-muscle-relaxation-soft-box-pilates-home-gym-workout-45cm-blue/ZA28B493438BC447D6F73Z/p/?o=za28b493438bc447d6f73z-1,"WENBO Foam Yoga Roller For Body Muscle Relaxation Soft Box Pilates Home Gym Workout (45cm, Blue) ",42,, 48,Y
,MELA,2024-10-10,Y,11 - 12 Oct,https://www.noon.com//uae-en/mela-non-slip-yoga-mat-for-home-gym-6mm-thick-eco-friendly-tpe-cushioned-exercise-mat-with-carry-strap-perfect-for-yoga-pilates-fitness-training-gymnastics-essentials-grey/Z751D8E977554B1EF4AAAZ/p/?o=z751d8e977554b1ef4aaaz-1,"MELA MELA Non-Slip Yoga Mat for Home Gym - 6mm Thick, Eco-Friendly TPE, Cushioned Exercise Mat with Carry Strap - Perfect for Yoga, Pilates, Fitness Training, & Gymnastics Essentials  - Grey ",79.95,, 119,
4.7,GROIC,2024-10-10,Y,11 - 12 Oct,https://www.noon.com//uae-en/yoga-mat-non-slip-pilates-fitness-mats-anti-tear-72-x-31-5-x-0-6-thick-yoga-mats-for-women-exercise-mats-for-yoga-pilates-home-floor-workout-with-carrying-sling-and-storage-bag/Z54B10CD732976EE884EEZ/p/?o=z54b10cd732976ee884eez-1,"GROIC Yoga Mat Non Slip, Pilates Fitness Mats, Anti-Tear 72""x 31.5"" x 0.6"" Thick Yoga Mats for Women, Exercise Mats for Yoga Pilates Home Floor Workout with Carrying Sling and Storage Bag ",123.95,4, 400,
4.3,body,2024-10-10,Y,11 - 12 Oct,https://www.noon.com//uae-en/yoga-ball-with-air-pump-65-cm-65cm/N16529616A/p/?o=be578ba74d4a4a8f,body heart Yoga Ball With Air Pump - 65 cm 65cm ,37,58,,
4.0,YQbest,2024-10-10,Y,11 - 12 Oct,https://www.noon.com//uae-en/foot-massage-roller-relieve-pain-and-plantar-fasciitis-for-wrists-forearms-deep-tissue-trigger-point/Z0D592BDDCB4B2213DC9CZ/p/?o=z0d592bddcb4b2213dc9cz-1,"YQbest Foot Massage Roller Relieve Pain and Plantar Fasciitis for , Wrists Forearms Deep Tissue Trigger Point ",29.90,1, 45,
4.5,MahMir,2024-10-10,Y,11 - 12 Oct,https://www.noon.com//uae-en/mahmir-yoga-mat-anti-slip-exercise-mat-with-carrying-bag-fitness-mat-for-pilates-183cm-61cm-6mm-thickness-for-woman-man-beginners-dark-blue-light-blue/Z6FC94A5DBD1A7D980F19Z/p/?o=z6fc94a5dbd1a7d980f19z-1,MahMir MahMir Yoga Mat Anti-Slip Exercise Mat with Carrying Bag Fitness Mat for Pilates 183CM*61CM*6MM Thickness for Woman Man Beginners (Dark Blue + Light Blue) ,49,24, 69.95,
5.0,Gaiam,2024-10-10,Y,11 - 12 Oct,https://www.noon.com//uae-en/6mm-premium-metallic-medallion-yoga-mat/Z1DD80AB6D2A71FB6BD5EZ/p/?o=z1dd80ab6d2a71fb6bd5ez-1,Gaiam 6Mm Premium Metallic Medallion Yoga Mat ,70,1, 200,
4.8,MahMir,2024-10-10,,16 Oct,https://www.noon.com//uae-en/mahmir-yoga-mat-anti-slip-exercise-mat-with-carrying-bag-fitness-mat-for-pilates-183cm-61cm-6mm-thickness-for-woman-man-beginners-green-black/Z5BB144BA6576302F7275Z/p/?o=z5bb144ba6576302f7275z-1,MahMir MahMir Yoga Mat Anti-Slip Exercise Mat with Carrying Bag Fitness Mat for Pilates 183CM*61CM*6MM Thickness for Woman Man Beginners (Green + Black) ,49.95,7, 69.95,
4.5,RIGID,2024-10-10,Y,11 - 12 Oct,https://www.noon.com//uae-en/thick-yoga-mat-8mm-knees-supportive-exercise-mat-for-yoga-pilates-fitness-exercises-and-home-exercise-fitness-mat-non-slip-yoga-gym-mat-with-carrying-bag-183-66cm-gold-black/ZE9BC56837C893BAD2931Z/p/?o=ze9bc56837c893bad2931z-1,"RIGID FITNESS Thick Yoga Mat 8mm - Knees Supportive Exercise Mat - for Yoga, Pilates, Fitness Exercises and Home Exercise Fitness Mat - Non-Slip Yoga Gym Mat With Carrying Bag - 183*66cm (Gold/Black) ",95.50,47, 130.25,
4.0,Spall,2024-10-10,Y,11 - 12 Oct,https://www.noon.com//uae-en/yoga-mats-anti-slip-sport-fitness-mat-blanket-for-exercise-yoga-and-pilates-gymnastics-mat-fitness-equipment-6mm/ZB83DFD7A7A480B6A3D7AZ/p/?o=zb83dfd7a7a480b6a3d7az-1,Spall Yoga Mats Anti-slip Sport Fitness Mat Blanket For Exercise Yoga And Pilates Gymnastics Mat Fitness Equipment 6mm ,37,1, 50,
5.0,MahMir,2024-10-10,,1 HR 24 MINS,https://www.noon.com//uae-en/mahmir-yoga-cork-block-supportive-sustainable-cork-with-non-slip-surface-exercise-accessory-for-yoga-pilates-and-general-fitness-natural-cork-blocks-size-9-x6-x3-2pcs-pack/ZB6E61CE23B29DAF85955Z/p/?o=fae71ce02e9b7d0e,"MahMir MahMir® Yoga Cork Block – Supportive, Sustainable Cork with Non-Slip Surface, Exercise Accessory for Yoga, Pilates, and General Fitness, Natural Cork Blocks Size 9""x6""x3"" (2pcs pack) ",59.95,3, 69.95,
,Gaiam,2024-10-10,Y,11 - 12 Oct,https://www.noon.com//uae-en/6mm-chakra-yoga-mat/ZCA0E13269DA7F7B4F851Z/p/?o=zca0e13269da7f7b4f851z-1,Gaiam 6Mm Chakra Yoga Mat ,84,, 240,
4.3,MahMir,2024-10-10,Y,11 - 12 Oct,https://www.noon.com//uae-en/mahmir-yoga-mat-anti-slip-exercise-mat-with-carrying-bag-fitness-mat-for-pilates-183cm-61cm-6mm-thickness-for-woman-man-beginners-light-green-black/ZC7C1017CDFCAC890274CZ/p/?o=zc7c1017cdfcac890274cz-1,MahMir MahMir Yoga Mat Anti-Slip Exercise Mat with Carrying Bag Fitness Mat for Pilates 183CM*61CM*6MM Thickness for Woman Man Beginners  Light Green+Black ,49.95,27, 69.95,
,YooA,2024-10-10,Y,11 - 12 Oct,https://www.noon.com//uae-en/3-pair-non-slip-yoga-socks-cotton-pilates-socks-with-3d-silicone-particles-breathable-moisture-wicking-machine-washable-ideal-for-yoga-pilates-ballet-dance-workout-pink-black-grey-fit-size-36-42/ZA1B269ACFAC7EFA4C86AZ/p/?o=za1b269acfac7efa4c86az-1,"YooA 3-Pair Non-slip Yoga Socks, Cotton Pilates Socks with 3D Silicone Particles, Breathable&Moisture-wicking&Machine-washable, Ideal for Yoga/Pilates/Ballet/Dance/Workout (Pink+Black+Grey, Fit Size 36-42) ",42.80,, 60,
5.0,LIMOS,2024-10-10,,1 HR 24 MINS,https://www.noon.com//uae-en/sports-yoga-socks-for-women-pack-of-3-pairs/Z8DE7372A006C4309D78BZ/p/?o=e7de247caff55d2e,LIMOS Sports Yoga Socks for Women Pack Of 3 Pairs ,39,8,,
5.0,GROIC,2024-10-10,Y,11 - 12 Oct,https://www.noon.com//uae-en/4-in-1-yoga-roller-set-trigger-point-yoga-roller-massage-roller-stick-massage-ball-for-deep-stretching-muscle-massage-pilates-yoga-fitness-exercise-for-whole-body-release/ZE9AB84A227A954972F0EZ/p/?o=ze9ab84a227a954972f0ez-1,"GROIC 4 in 1 Yoga Roller Set Trigger Point Yoga Roller, Massage Roller Stick, Massage Ball, for Deep Stretching Muscle Massage Pilates Yoga, Fitness Exercise for Whole Body Release ",80.25,2, 200,
4.7,Fitness,2024-10-10,,1 HR 24 MINS,https://www.noon.com//uae-en/2-piece-sand-weight-bags-set-for-feet-2kg/N27330508A/p/?o=e928a4194c4d044f,Fitness World 2-Piece Sand Weight Bags Set For Feet 2kg ,30.05,26, 35.95,
4.4,Fitness,2024-10-10,Y,11 - 12 Oct,https://www.noon.com//uae-en/yoga-mat-1meter/N27330532A/p/?o=b9b77fe99f710c6e,Fitness World Yoga Mat 1meter ,39.75,88,,
5.0,Gaiam,2024-10-10,,1 HR 24 MINS,https://www.noon.com//uae-en/2mm-foldable-cranberry-point-yoga-mat/ZC462B190BD7C61A1331AZ/p/?o=c966739980623e7b,Gaiam 2Mm Foldable Cranberry Point Yoga Mat ,39,1, 125,
4.8,yoga,2024-10-10,Y,11 - 12 Oct,https://www.noon.com//uae-en/foldable-non-slip-yoga-mat/N34539642A/p/?o=c72e5437ab4bdffe,yoga mat Foldable Non-Slip Yoga Mat ,30.05,26, 35,
5.0,TYCOM,2024-10-10,Y,11 - 12 Oct,https://www.noon.com//uae-en/tycom-resistance-loop-bands-resistance-exercise-bands-set-workout-bands-flex-bands-for-home-fitness-stretching-strength-training-physical-therapy-yoga/ZE5D7520215AA49D4ED49Z/p/?o=ze5d7520215aa49d4ed49z-1,"TYCOM Tycom Resistance Loop Bands- Resistance Exercise Bands Set Workout Bands Flex bands for Home Fitness, Stretching, Strength Training, Physical Therapy, Yoga ",28.90,1, 49,Y
,MELA,2024-10-10,Y,12 Oct,https://www.noon.com//uae-en/mela-non-slip-yoga-mat-for-home-gym-6mm-thick-eco-friendly-tpe-cushioned-exercise-mat-with-carry-strap-perfect-for-yoga-pilates-fitness-training-gymnastics-essentials-beige/ZECB29782C8C4BD506B8EZ/p/?o=zecb29782c8c4bd506b8ez-1,"MELA MELA Non-Slip Yoga Mat for Home Gym - 6mm Thick, Eco-Friendly TPE, Cushioned Exercise Mat with Carry Strap - Perfect for Yoga, Pilates, Fitness Training, & Gymnastics Essentials  - Beige ",79,, 119,Y
,Generic,2024-10-10,Y,11 - 12 Oct,https://www.noon.com//uae-en/5-pieces-sports-wicking-instant-dry-cooling-towel/ZD47F076F0E799BD13A58Z/p/?o=zd47f076f0e799bd13a58z-1,Generic 5 Pieces Sports Wicking Instant Dry Cooling Towel ,30.50,, 59.95,Y
5.0,GROIC,2024-10-10,Y,11 - 12 Oct,https://www.noon.com//uae-en/women-s-seamless-workout-sets-2-pieces-outfit-high-waist-gym-shorts-sports-bra-activewear-sets-for-yoga-workout/Z183968CF0AD1BA3C3868Z/p/?o=z183968cf0ad1ba3c3868z-1,GROIC Women's Seamless Workout Sets 2 Pieces Outfit High Waist Gym Shorts Sports Bra Activewear Sets for Yoga Workout ,45.20,4, 200,
4.7,CYTHERIA,2024-10-10,,,https://www.noon.com//uae-en/wolf-tooth-hollow-foam-roller-33x14cm/N26358266A/p/?o=d2f47410caf7788c,CYTHERIA Wolf Tooth Hollow Foam Roller 33x14cm ,21,12, 42,
5.0,Maston,2024-10-10,Y,11 - 12 Oct,https://www.noon.com//uae-en/yoga-pilates-ring-fitness-magic-circle-wrap-slimming-body-building-fitness-accessories-foamroller/Z532ED4BF3B873929AEF6Z/p/?o=z532ed4bf3b873929aef6z-1,Maston Yoga Pilates Ring Fitness Magic Circle Wrap Slimming Body Building Fitness Accessories foamroller ,35,1, 39,Y
5.0,Generic,2024-10-10,Y,11 - 12 Oct,https://www.noon.com//uae-en/extra-thick-high-density-anti-tear-exercise-yoga-mat/Z6AA422C01041A12BF086Z/p/?o=z6aa422c01041a12bf086z-1,Generic Extra Thick High Density Anti-Tear Exercise Yoga Mat ,29,2, 648,Y
3.1,MahMir,2024-10-10,Y,12 Oct,https://www.noon.com//uae-en/mahmir-eva-foam-roller-for-yoga-deep-tissue-massage-stretching-physical-therapy-relieve-stress-improve-mobility-with-foam-roller-for-legs-and-muscles-deep-tissue-massage-tool-light-blue/Z1FFBA90CF03B4E1CDF5CZ/p/?o=z1ffba90cf03b4e1cdf5cz-1,"MahMir Mahmir® EVA Foam Roller for Yoga, Deep Tissue Massage, Stretching, Physical Therapy, Relieve Stress, Improve Mobility with Foam Roller for Legs and Muscles - Deep Tissue Massage Tool (Light Blue) ",29.95,3,,Y
,MELA,2024-10-10,Y,12 Oct,https://www.noon.com//uae-en/mela-non-slip-yoga-mat-for-home-gym-6mm-thick-eco-friendly-tpe-cushioned-exercise-mat-with-carry-strap-perfect-for-yoga-pilates-fitness-training-gymnastics-essentials-beige/ZECB29782C8C4BD506B8EZ/p/?o=zecb29782c8c4bd506b8ez-1,"MELA MELA Non-Slip Yoga Mat for Home Gym - 6mm Thick, Eco-Friendly TPE, Cushioned Exercise Mat with Carry Strap - Perfect for Yoga, Pilates, Fitness Training, & Gymnastics Essentials  - Beige ",79,, 119,
4.7,GROIC,2024-10-10,Y,11 - 12 Oct,https://www.noon.com//uae-en/yoga-mat-non-slip-pilates-fitness-mats-anti-tear-72-x-31-5-x-0-6-thick-yoga-mats-for-women-exercise-mats-for-yoga-pilates-home-floor-workout-with-carrying-sling-and-storage-bag/Z54B10CD732976EE884EEZ/p/?o=z54b10cd732976ee884eez-1,"GROIC Yoga Mat Non Slip, Pilates Fitness Mats, Anti-Tear 72""x 31.5"" x 0.6"" Thick Yoga Mats for Women, Exercise Mats for Yoga Pilates Home Floor Workout with Carrying Sling and Storage Bag ",123.95,4, 400,
3.7,BODY,2024-10-10,,1 HR 24 MINS,https://www.noon.com//uae-en/pilates-ring-8ml/N11005097A/p/?o=cc61861a43cbaeaf,BODY SCULPTURE Pilates Ring 8ml ,26.85,3, 65,
4.1,Fitness,2024-10-10,,"1 HR 24 MINS,1 HR 24 MINS,11 - 12 Oct","https://www.noon.com//uae-en/pair-of-sand-weight-bag-3kg/N16660112A/p/?o=a009419ac94a76ae,https://www.noon.com//uae-en/pair-of-sand-weight-bag-3kg/N16660112A/p/?o=a952fb4370d1e08c,https://www.noon.com//uae-en/pair-of-sand-weight-bag-3kg/N16660112A/p/?o=a009419ac94a76ae",Fitness World Pair Of Sand Weight Bag 3kg ,25.25,28, 41.95,
3.1,Generic,2024-10-10,Y,11 - 12 Oct,https://www.noon.com//uae-en/5-piece-yoga-equipment-set/N36557376A/p/?o=f50ed903db28ea9f,Generic 5-Piece Yoga Equipment Set ,30.05,26, 41.95,
3.8,NNEWVANTE,2024-10-10,Y,11 - 12 Oct,https://www.noon.com//uae-en/nnewvante-silk-sleep-mask-2-pack-100-real-natural-pure-silk-eye-mask-with-adjustable-strap-eye-mask-for-sleeping-eye-sleep-shade-cover-blocks-light-reduces-puffy-eyes-gifts/Z549615CC1C4033D14D98Z/p/?o=z549615cc1c4033d14d98z-1,"NNEWVANTE Nnewvante Silk Sleep Mask, 2 Pack 100% Real Natural Pure Silk Eye Mask with Adjustable Strap, Eye Mask for Sleeping, Eye Sleep Shade Cover, Blocks Light Reduces Puffy Eyes Gifts ",23.95,3, 35.95,Y
,LYNLYN,2024-10-10,Y,11 - 12 Oct,https://www.noon.com//uae-en/1-5m-resistance-bands-for-yoga-pilates-strength-training-elastic-bands-for-flexibility-rehab-fitness-ideal-for-men-women-purple/ZC9120F5FA66B652CD3C3Z/p/?o=zc9120f5fa66b652cd3c3z-1,"LYNLYN 1.5m Resistance Bands for Yoga, Pilates, Strength Training, Elastic Bands for Flexibility, Rehab, Fitness, Ideal for Men & Women (Purple) ",29.90,, 79,Y
5.0,GROIC,2024-10-10,Y,11 - 12 Oct,https://www.noon.com//uae-en/12-pack-puzzle-exercise-floor-mat-eva-foam-mats-with-interlocking-floor-tiles-12-x-12-foam-gym-mat-protective-flooring-mats-interlocking-for-home-and-gym-equipment-navy-blue/Z4EAB1F3B4BA3811C89EBZ/p/?o=z4eab1f3b4ba3811c89ebz-1,"GROIC 12 Pack Puzzle Exercise Floor Mat, EVA Foam Mats with Interlocking Floor Tiles, 12'' x 12'' Foam Gym Mat, Protective Flooring Mats Interlocking for Home and Gym Equipment (Navy Blue) ",63.85,1, 200,
4.3,Rock,2024-10-10,,1 HR 24 MINS,https://www.noon.com//uae-en/acupressure-spike-mat-66-x-42cm/N43250382A/p/?o=c8e8c060cb1c6c6a,Rock Pow Acupressure Spike Mat 66 x 42cm ,47,4,,
4.3,BODY,2024-10-10,Y,11 - 12 Oct,https://www.noon.com//uae-en/yoga-and-exercise-mat-with-strap-6ml/N11005258A/p/?o=fc937d235888d83b,BODY SCULPTURE Yoga And Exercise Mat With Strap 6ml ,42.85,3, 79,
4.7,Fitness,2024-10-10,,1 HR 24 MINS,https://www.noon.com//uae-en/2-piece-sand-weight-bags-set-for-feet-2kg/N27330508A/p/?o=e928a4194c4d044f,Fitness World 2-Piece Sand Weight Bags Set For Feet 2kg ,30.05,26, 35.95,
2.8,GROIC,2024-10-10,Y,,https://www.noon.com//uae-en/6-pack-puzzle-exercise-floor-mat-eva-foam-mats-with-interlocking-floor-tiles-12-x-12-foam-gym-mat-protective-flooring-mats-interlocking-for-home-and-gym-equipment/Z182933F3500879193E71Z/p/?o=z182933f3500879193e71z-1,"GROIC 6 Pack Puzzle Exercise Floor Mat, EVA Foam Mats with Interlocking Floor Tiles, 12'' x 12'' Foam Gym Mat, Protective Flooring Mats Interlocking for Home and Gym Equipment ",52.30,3, 200,
3.5,Generic,2024-10-10,Y,11 - 12 Oct,https://www.noon.com//uae-en/breathable-yoga-mat-mesh-bag-11-8x27-5inch/N37816362A/p/?o=a59e701361a07a7a,Generic Breathable Yoga Mat Mesh Bag 11.8x27.5inch ,33,79,,
3.7,Generic,2024-10-10,Y,12 Oct,https://www.noon.com//uae-en/back-massager-stretcher-40x25x3cm/N43426712A/p/?o=fd12b7059f979fdd,Generic Back Massager Stretcher 40x25x3cm ,14,99, 29,
4.8,Bernessi,2024-10-10,Y,11 - 12 Oct,https://www.noon.com//uae-en/8mm-yoga-mat-with-carrying-strap-anti-slip-for-home-workout-exercises-meditation-eco-friendly-non-skid-tpe-yoga-mattres-for-pilates-183x61x0-8cm-thick-pink-black-color/Z24E1B5B4FDE8BB5C6111Z/p/?o=z24e1b5b4fde8bb5c6111z-1,"Bernessi 8MM Yoga Mat with Carrying Strap Anti-Slip for Home Workout Exercises Meditation Eco Friendly, Non Skid TPE Yoga Mattres for Pilates 183x61x0.8cm Thick, Pink/Black Color ",69.90,51, 165,Y
,URbazaar,2024-10-10,Y,11 - 12 Oct,https://www.noon.com//uae-en/yoga-mat-for-women-and-men-extra-long-and-wide-exercise-mat-72-x24-large-non-slip-workout-mat-for-yoga-pilates-fitness-barefoot-workouts-home-gym-studio/Z603FF8FD1BFB572D8D9FZ/p/?o=z603ff8fd1bfb572d8d9fz-1,"URbazaar Yoga Mat for Women and Men, Extra Long and Wide Exercise Mat(72""x24""), Large Non Slip Workout Mat for Yoga, Pilates, Fitness, Barefoot Workouts, Home Gym Studio ",59.90,, 69.90,Y
4.6,ORiTi,2024-10-10,Y,11 - 12 Oct,https://www.noon.com//uae-en/stretch-strap-with-exercise-guide-versatile-multi-loop-perfect-for-yoga-pilates-and-physical-therapy-portable-helps-improve-flexibility/Z184FBC1B30D0C5DACA2DZ/p/?o=z184fbc1b30d0c5daca2dz-1,ORiTi Stretch Strap with Exercise Guide Versatile Multi-Loop Perfect for Yoga Pilates and Physical Therapy Portable Helps Improve Flexibility ,28,2, 29,Y
4.2,Generic,2024-10-10,Y,11 - 12 Oct,https://www.noon.com//uae-en/swiss-exercise-ball-55-cm-55cm/N18842282A/p/?o=f8bb8c93b8f22eed,Generic Swiss Exercise Ball - 55 cm 55cm ,34.25,77, 38.05,
4.3,SYOSI,2024-10-10,,15 Oct,https://www.noon.com//uae-en/cooling-towels-10-pack-ice-towel-mesh-cooling-towel-soft-breathable-chilly-towel-ice-towel-for-neck-microfiber-towel-for-yoga-golf-sport-running-gym-workout-camping-fitness-30-80-cm/Z89FB8778DA560CA883D3Z/p/?o=z89fb8778da560ca883d3z-1,"SYOSI Cooling Towels, 10 Pack Ice Towel, Mesh Cooling Towel, Soft Breathable Chilly Towel, Ice Towel for Neck, Microfiber Towel, for Yoga, Golf, Sport, Running, Gym, Workout, Camping, Fitness, 30 * 80 cm ",58.90,18, 73.60,
4.2,Generic,2024-10-10,,,https://www.noon.com//uae-en/anti-burst-yoga-swiss-ball-95cm/N14082774A/p/?o=c1765f2e68fc0c7a,Generic Anti Burst Yoga Swiss Ball 95cm ,54,13,,
3.3,Generic,2024-10-10,Y,11 - 12 Oct,https://www.noon.com//uae-en/coolbaby-boxing-sandbag-hanging-canvas-hollow-kickboxing-fight-karate-punch-bag-with-iron-chain-hook-safety-buckle-120cm/ZB16E8D39F5D8B644515BZ/p/?o=zb16e8d39f5d8b644515bz-1,"Generic COOLBABY Boxing Sandbag, Hanging Canvas Hollow Kickboxing Fight Karate Punch Bag with Iron Chain Hook Safety Buckle-120cm ",79.20,3, 99,
4.2,Generic,2024-10-10,Y,11 - 12 Oct,https://www.noon.com//uae-en/gym-exercise-swiss-fitness-pregnancy-birthing-injury-sciatica-yoga-ball/N22816278A/p/?o=cad55599841048aa,Generic Gym Exercise Swiss Fitness Pregnancy Birthing Injury Sciatica Yoga Ball ,30.20,152,,
,Adidas,2024-10-10,Y,11 - 12 Oct,https://www.noon.com//uae-en/yoga-mat-8mm-white/Z67D7B1F29368685C277BZ/p/?o=z67d7b1f29368685c277bz-1,Adidas Yoga Mat - 8Mm - White ,161.65,, 175,
4.8,Spall,2024-10-10,Y,12 Oct,https://www.noon.com//uae-en/yoga-mat-non-slip-yoga-mat-with-strap-included-10mm-thick-exercise-mat-yoga-and-many-other-home-workouts/Z3859B43C495F32F447DCZ/p/?o=z3859b43c495f32f447dcz-1,"Spall Yoga Mat Non Slip,Yoga Mat with Strap Included 10mm Thick Exercise Mat Yoga and Many Other Home Workouts ",35,4, 80,
4.2,Sable,2024-10-10,Y,11 - 12 Oct,https://www.noon.com//uae-en/5-piece-resistance-band-set-with-carrying-case/N43815632A/p/?o=b04a06f6bdbb655c,Sable 5-Piece Resistance Band Set With Carrying Case ,27.90,16,,
5.0,Arabest,2024-10-10,Y,11 - 12 Oct,https://www.noon.com//uae-en/word-horse-trainer-yoga-stretching-tension-stretching-aerial-yoga-rope-lacing-belt-crotch-opening-aid/Z116A05E46F94B2CEF7AEZ/p/?o=z116a05e46f94b2cef7aez-1,"Arabest Word Horse Trainer, Yoga Stretching, Tension Stretching Aerial Yoga Rope, Lacing Belt, Crotch Opening Aid ",36,1,,
,Cool,2024-10-10,Y,11 - 12 Oct,https://www.noon.com//uae-en/pilates-yoga-wedge-massage-correction-foam-kyphosis-correction-yoga-equipment/ZB7B5E087C36FB93A9951Z/p/?o=zb7b5e087c36fb93a9951z-1,Cool Baby Style Pilates Yoga Wedge Massage Correction Foam Kyphosis Correction Yoga Equipment ,257,, 329,
4.2,Generic,2024-10-10,Y,11 - 12 Oct,https://www.noon.com//uae-en/foam-roller-yoga-fitness-black/ZCA2828C9D51068BEECD1Z/p/?o=zca2828c9d51068beecd1z-1,Generic Foam Roller Yoga Fitness- Black ,39.20,13, 49,
4.6,ORiTi,2024-10-10,,1 HR 24 MINS,https://www.noon.com//uae-en/stretch-strap-with-exercise-guide-versatile-multi-loop-perfect-for-yoga-pilates-and-physical-therapy-portable-helps-improve-flexibility/Z184FBC1B30D0C5DACA2DZ/p/?o=ba48ce0bf65a2c5f,ORiTi Stretch Strap with Exercise Guide Versatile Multi-Loop Perfect for Yoga Pilates and Physical Therapy Portable Helps Improve Flexibility ,28,2, 29,
,Garlo,2024-10-10,Y,11 - 12 Oct,https://www.noon.com//uae-en/stretch-band-strap-elastic-exercise-stretching-band-with-9-loops-for-yoga-physical-therapy-dance-workout-fitness-stretch-assist-light-resistance-band-for-strength-flexibility-training/Z24F43F8520548D2CD073Z/p/?o=z24f43f8520548d2cd073z-1,"Garlo Stretch Band Strap, Elastic Exercise Stretching Band with 9 Loops for Yoga Physical Therapy Dance Workout Fitness, Stretch Assist - Light Resistance Band for Strength Flexibility Training ",37,, 52,
4.8,SKY-TOUCH,2024-10-10,Y,11 - 12 Oct,https://www.noon.com//uae-en/5-in-1-fitness-foam-roller-set-50cm/N39265708A/p/?o=a0325ea104099c8d,SKY-TOUCH 5-In-1 Fitness Foam Roller Set 50cm ,64.50,32,,
,Adidas,2024-10-10,Y,11 - 12 Oct,https://www.noon.com//uae-en/fitness-mat-7mm-green/ZD9009A36D21843256005Z/p/?o=zd9009a36d21843256005z-1,Adidas Fitness Mat - 7Mm - Green ,115.70,, 155,
4.6,Fitness,2024-10-10,,1 HR 24 MINS,https://www.noon.com//uae-en/exercise-swiss-ball-75cm/N16660087A/p/?o=b871f9ef99c6f8eb,Fitness World Exercise Swiss Ball 75cm ,31.50,75, 35,
5.0,Rock,2024-10-10,,1 HR 24 MINS,https://www.noon.com//uae-en/acupressure-mat-66-x-42cm/N43250380A/p/?o=df61c26ed615462f,Rock Pow Acupressure Mat 66 x 42cm ,48.15,1,,
,Generic,2024-10-10,,,https://www.noon.com//uae-en/adjustable-anti-gravity-home-aerial-yoga-hammock-swing-trapeze-inversion-tool-250-150cm/N42326497A/p/?o=bb0af8063147934d,Generic Adjustable Anti-Gravity Home Aerial Yoga Hammock Swing Trapeze Inversion Tool 250*150cm ,177.05,, 520,Y
,WENBO,2024-10-10,Y,11 - 12 Oct,https://www.noon.com//uae-en/balance-trainer-with-resistance-bands-balance-board-yoga-half-ball-air-dome-balance-ball-with-pump-improve-core-and-ab-strength-with-full-body-home-gym-workouts-or-fitness-training/Z8E11327164B07C1284D1Z/p/?o=z8e11327164b07c1284d1z-1,"WENBO Balance Trainer with Resistance Bands, Balance Board, Yoga Half Ball, Air Dome Balance Ball with Pump,Improve Core and Ab Strength with Full Body Home Gym Workouts Or Fitness Training ",168.55,, 199,Y
,WENBO,2024-10-10,Y,11 - 12 Oct,https://www.noon.com//uae-en/foam-yoga-roller-for-body-muscle-relaxation-soft-box-pilates-home-gym-workout-45cm-blue/ZA28B493438BC447D6F73Z/p/?o=za28b493438bc447d6f73z-1,"WENBO Foam Yoga Roller For Body Muscle Relaxation Soft Box Pilates Home Gym Workout (45cm, Blue) ",42,, 48,Y
4.4,Generic,2024-10-10,Y,11 - 12 Oct,https://www.noon.com//uae-en/gym-exercise-swiss-ball-65cm/N14082783A/p/?o=c22c28d3c27c3c5d,Generic Gym Exercise Swiss Ball 65cm ,29.95,183, 32,
4.7,Generic,2024-10-10,Y,11 - 12 Oct,https://www.noon.com//uae-en/yoga-foam-roller/N16543534A/p/?o=c3d1ded35c8c170f,Generic Yoga Foam Roller ,26.45,10, 26.60,
,PUMA,2024-10-10,Y,11 - 12 Oct,https://www.noon.com//uae-en/yoga-training-mat/Z9F9959795903122BD6DEZ/p/?o=z9f9959795903122bd6dez-1,PUMA Yoga Training Mat ,139,, 249,
4.2,Generic,2024-10-10,Y,11 - 12 Oct,https://www.noon.com//uae-en/aerobics-exercise-ball-55-cm-55cm/N18842300A/p/?o=f6d263a5f498339b,Generic Aerobics Exercise Ball - 55 cm 55cm ,30.40,68,,
,Cool,2024-10-10,Y,11 - 12 Oct,https://www.noon.com//uae-en/pilates-yoga-wedge-massage-correction-foam-kyphosis-correction-yoga-equipment/ZF3ABCFFDDDE3FD60884BZ/p/?o=zf3abcffddde3fd60884bz-1,Cool Baby Style Pilates Yoga Wedge Massage Correction Foam Kyphosis Correction Yoga Equipment ,237.20,, 329,
4.8,Generic,2024-10-10,Y,11 - 12 Oct,https://www.noon.com//uae-en/3d-body-massage-muscle-roller-stick-45-5-x-5-x-4-3cm/N20034875A/p/?o=caf65e5d4bd3325c,Generic 3D Body Massage Muscle Roller Stick 45.5 x 5 x 4.3cm ,41.20,12, 209,
4.7,Generic,2024-10-10,Y,11 - 12 Oct,https://www.noon.com//uae-en/fittex-tough-non-slip-10mm-thick-yoga-mat-with-carry-strap-188x61x1cm-black/Z6F017D6BFD3A1CEC123EZ/p/?o=z6f017d6bfd3a1cec123ez-1,Generic Fittex Tough Non-Slip 10mm Thick Yoga Mat with Carry Strap 188x61x1cm Black ,31.25,3, 49,
4.7,Generic,2024-10-10,Y,11 - 12 Oct,https://www.noon.com//uae-en/yoga-socks-for-women-non-slip-grips-straps-3-pairs-multicolor-dance-pilates-barre-barefoot-workout/Z6F4C6B975B77B9D3D8E4Z/p/?o=z6f4c6b975b77b9d3d8e4z-1,Generic Yoga Socks for Women Non Slip Grips & Straps 3 Pairs  Multicolor Dance Pilates Barre Barefoot Workout ,29.55,21, 39,
,Adidas,2024-10-10,Y,11 - 12 Oct,https://www.noon.com//uae-en/fitness-mat-7mm-solar-red/Z5B95A4E25D4F219BBF89Z/p/?o=z5b95a4e25d4f219bbf89z-1,Adidas Fitness Mat - 7Mm - Solar Red ,115.70,, 155,
4.3,Kanteen,2024-10-10,Y,11 - 12 Oct,https://www.noon.com//uae-en/anti-burst-gym-ball-65cm-fitness-yoga-exercise-home-pregnancy-birthing-ball-65cm/N49111522A/p/?o=a720554e130b471f,Kanteen Store Anti Burst Gym Ball 65Cm Fitness Yoga Exercise Home Pregnancy Birthing Ball 65cm ,31.35,60, 34.95,
4.2,BODY,2024-10-10,Y,11 - 12 Oct,https://www.noon.com//uae-en/yoga-mat-with-terry-cloth-60-x-22inch/N11005263A/p/?o=ca2a36fe6e6b298e,BODY SCULPTURE Yoga Mat With Terry Cloth 60 x 22inch ,71.70,6, 100,
3.6,Generic,2024-10-10,Y,11 - 12 Oct,https://www.noon.com//uae-en/one-pair-ankle-weights-wrist-leg-weights-0-3kg-for-fitness-exercise-jogging-aerobics-resistance-training-gym-running-sandbag/Z54672ED339066547FB9EZ/p/?o=z54672ed339066547fb9ez-1,Generic One Pair Ankle Weights Wrist Leg Weights 0.3kg for Fitness Exercise Jogging Aerobics Resistance Training GYM Running SandBag ,63,3, 130,
5.0,Adidas,2024-10-10,Y,11 - 12 Oct,https://www.noon.com//uae-en/core-rollers-21x14-5x14-5cm/N42900586A/p/?o=f58a3223e321914a,Adidas Core Rollers 21x14.5x14.5cm ,80,1, 266,
4.3,TOEON,2024-10-10,Y,11 - 12 Oct,https://www.noon.com//uae-en/muscle-massage-stick-roller-16-8x1-5x1-5inch/N28558670A/p/?o=c7b924ac36c6156c,TOEON Muscle Massage Stick Roller 16.8x1.5x1.5inch ,27.40,11, 32.10,
,Cool,2024-10-10,Y,11 - 12 Oct,https://www.noon.com//uae-en/non-slip-thick-and-comfortable-home-yoga-mat-perfect-grip/ZF69801CF83C5C088AFC3Z/p/?o=zf69801cf83c5c088afc3z-1,Cool Baby Style Non-slip Thick and Comfortable Home Yoga Mat Perfect Grip ,92.25,, 123,
,GROIC,2024-10-10,Y,12 Oct,https://www.noon.com//uae-en/16-pack-puzzle-exercise-floor-mat-eva-foam-mats-with-interlocking-floor-tiles-12-x-12-foam-gym-mat-protective-flooring-mats-interlocking-for-home-and-gym-equipment-black/ZF90F11AA9A2388685D3AZ/p/?o=zf90f11aa9a2388685d3az-1,"GROIC 16 Pack Puzzle Exercise Floor Mat, EVA Foam Mats with Interlocking Floor Tiles, 12'' x 12'' Foam Gym Mat, Protective Flooring Mats Interlocking for Home and Gym Equipment(Black) ",92.45,, 200,
4.4,Cool,2024-10-10,Y,11 - 12 Oct,https://www.noon.com//uae-en/yoga-foam-roller/N48797189A/p/?o=c194847cd94e357c,Cool Baby Yoga Foam Roller ,42.25,14, 120,
3.7,Kanteen,2024-10-10,Y,11 - 12 Oct,https://www.noon.com//uae-en/anti-burst-yoga-ball-fitness-gym-exercise-home-pregnancy-65cm/N44860791A/p/?o=aab53a1167db93ce,Kanteen Store Anti Burst Yoga Ball  Fitness Gym Exercise Home Pregnancy 65cm ,30.50,8, 31,
5.0,Kanteen,2024-10-10,,,https://www.noon.com//uae-en/massage-bar-spiky-ball-yoga-wand-roller-53x10x5cm/N16324464A/p/?o=a7115280050c017f,Kanteen Store Massage Bar Spiky Ball Yoga Wand Roller 53x10x5cm ,21.85,5, 49,
5.0,TYCOM,2024-10-10,Y,11 - 12 Oct,https://www.noon.com//uae-en/tycom-resistance-loop-bands-resistance-exercise-bands-set-workout-bands-flex-bands-for-home-fitness-stretching-strength-training-physical-therapy-yoga/ZE5D7520215AA49D4ED49Z/p/?o=ze5d7520215aa49d4ed49z-1,"TYCOM Tycom Resistance Loop Bands- Resistance Exercise Bands Set Workout Bands Flex bands for Home Fitness, Stretching, Strength Training, Physical Therapy, Yoga ",28.90,1, 49,Y
,MELA,2024-10-10,Y,12 Oct,https://www.noon.com//uae-en/mela-non-slip-yoga-mat-for-home-gym-6mm-thick-eco-friendly-tpe-cushioned-exercise-mat-with-carry-strap-perfect-for-yoga-pilates-fitness-training-gymnastics-essentials-beige/ZECB29782C8C4BD506B8EZ/p/?o=zecb29782c8c4bd506b8ez-1,"MELA MELA Non-Slip Yoga Mat for Home Gym - 6mm Thick, Eco-Friendly TPE, Cushioned Exercise Mat with Carry Strap - Perfect for Yoga, Pilates, Fitness Training, & Gymnastics Essentials  - Beige ",79,, 119,Y
,Generic,2024-10-10,Y,11 - 12 Oct,https://www.noon.com//uae-en/5-pieces-sports-wicking-instant-dry-cooling-towel/ZD47F076F0E799BD13A58Z/p/?o=zd47f076f0e799bd13a58z-1,Generic 5 Pieces Sports Wicking Instant Dry Cooling Towel ,30.50,, 59.95,Y
3.2,body,2024-10-10,,1 HR 23 MINS,https://www.noon.com//uae-en/yoga-ball-with-air-pump-75-cm-75cm/N16529621A/p/?o=b4311ea3efd0d8fd,body heart Yoga Ball With Air Pump - 75 cm 75cm ,30.40,24, 37.75,
4.1,Fitness,2024-10-10,,"1 HR 23 MINS,1 HR 23 MINS,11 - 12 Oct","https://www.noon.com//uae-en/pair-of-sand-weight-bag-3kg/N16660112A/p/?o=a009419ac94a76ae,https://www.noon.com//uae-en/pair-of-sand-weight-bag-3kg/N16660112A/p/?o=a952fb4370d1e08c,https://www.noon.com//uae-en/pair-of-sand-weight-bag-3kg/N16660112A/p/?o=a009419ac94a76ae",Fitness World Pair Of Sand Weight Bag 3kg ,25.25,28, 41.95,
5.0,Maston,2024-10-10,Y,11 - 12 Oct,https://www.noon.com//uae-en/yoga-pilates-ring-fitness-magic-circle-wrap-slimming-body-building-fitness-accessories-foamroller/Z532ED4BF3B873929AEF6Z/p/?o=z532ed4bf3b873929aef6z-1,Maston Yoga Pilates Ring Fitness Magic Circle Wrap Slimming Body Building Fitness Accessories foamroller ,35,1, 39,Y
5.0,Generic,2024-10-10,Y,11 - 12 Oct,https://www.noon.com//uae-en/extra-thick-high-density-anti-tear-exercise-yoga-mat/Z6AA422C01041A12BF086Z/p/?o=z6aa422c01041a12bf086z-1,Generic Extra Thick High Density Anti-Tear Exercise Yoga Mat ,29,2, 648,Y
3.1,MahMir,2024-10-10,Y,12 Oct,https://www.noon.com//uae-en/mahmir-eva-foam-roller-for-yoga-deep-tissue-massage-stretching-physical-therapy-relieve-stress-improve-mobility-with-foam-roller-for-legs-and-muscles-deep-tissue-massage-tool-light-blue/Z1FFBA90CF03B4E1CDF5CZ/p/?o=z1ffba90cf03b4e1cdf5cz-1,"MahMir Mahmir® EVA Foam Roller for Yoga, Deep Tissue Massage, Stretching, Physical Therapy, Relieve Stress, Improve Mobility with Foam Roller for Legs and Muscles - Deep Tissue Massage Tool (Light Blue) ",29.95,3,,Y
,MELA,2024-10-10,Y,12 Oct,https://www.noon.com//uae-en/mela-non-slip-yoga-mat-for-home-gym-6mm-thick-eco-friendly-tpe-cushioned-exercise-mat-with-carry-strap-perfect-for-yoga-pilates-fitness-training-gymnastics-essentials-blue/ZF12EE3B5F1EF3A193C60Z/p/?o=zf12ee3b5f1ef3a193c60z-1,"MELA MELA Non-Slip Yoga Mat for Home Gym - 6mm Thick, Eco-Friendly TPE, Cushioned Exercise Mat with Carry Strap - Perfect for Yoga, Pilates, Fitness Training, & Gymnastics Essentials  - Blue ",79.95,, 119,
,Applied,2024-10-10,Y,11 - 12 Oct,https://www.noon.com//uae-en/gym-towel-black/Z4FDF649EAA6C7E365B89Z/p/?o=z4fdf649eaa6c7e365b89z-1,"Applied Nutrition Gym Towel, Black ",11.10,,,
2.7,Inder,2024-10-10,Y,11 - 12 Oct,https://www.noon.com//uae-en/yoga-sticks-training-for-posture-corrector-humpback-correction-stick-yoga-open-back-men-women-posture-trainer-corrector/Z1BA7F8A85269F90D7440Z/p/?o=z1ba7f8a85269f90d7440z-1,Inder Yoga Sticks Training for Posture Corrector Humpback Correction Stick Yoga Open Back Men Women Posture Trainer Corrector ,24.35,5, 39,
,DubaiGallery,2024-10-10,Y,12 Oct,https://www.noon.com//uae-en/yoga-mat-fitness-gym-men-and-women-fitness-yoga-exercise-met-for-workout-pilates-and-meditation-gym-workout-flooring/Z4FCE176B658A98C26C11Z/p/?o=z4fce176b658a98c26c11z-1,DubaiGallery Yoga Mat Fitness Gym Men and Women Fitness Yoga Exercise Met for Workout Pilates and Meditation Gym Workout Flooring ,39,,,
,UKR,2024-10-10,Y,11 - 12 Oct,https://www.noon.com//uae-en/ukr-tri-fold-portable-non-slip-yoga-mat-fitness-mat-gym-mat-travel-exercise-training-aerobic-mat-fitness-gym-gymnastics-balance-padded-mat-blue-183x61x2-2-cm/Z274EF3F6E0CF52B104EEZ/p/?o=z274ef3f6e0cf52b104eez-1,UKR UKR Tri-Fold Portable Non-Slip Yoga Mat Fitness Mat Gym Mat Travel Exercise Training Aerobic Mat Fitness Gym & Gymnastics Balance Padded Mat Blue (183x61x2.2 cm) ,109.95,, 123,
3.8,NNEWVANTE,2024-10-10,Y,11 - 12 Oct,https://www.noon.com//uae-en/nnewvante-silk-sleep-mask-2-pack-100-real-natural-pure-silk-eye-mask-with-adjustable-strap-eye-mask-for-sleeping-eye-sleep-shade-cover-blocks-light-reduces-puffy-eyes-gifts/Z549615CC1C4033D14D98Z/p/?o=z549615cc1c4033d14d98z-1,"NNEWVANTE Nnewvante Silk Sleep Mask, 2 Pack 100% Real Natural Pure Silk Eye Mask with Adjustable Strap, Eye Mask for Sleeping, Eye Sleep Shade Cover, Blocks Light Reduces Puffy Eyes Gifts ",23.95,3, 35.95,Y
,LYNLYN,2024-10-10,Y,11 - 12 Oct,https://www.noon.com//uae-en/1-5m-resistance-bands-for-yoga-pilates-strength-training-elastic-bands-for-flexibility-rehab-fitness-ideal-for-men-women-purple/ZC9120F5FA66B652CD3C3Z/p/?o=zc9120f5fa66b652cd3c3z-1,"LYNLYN 1.5m Resistance Bands for Yoga, Pilates, Strength Training, Elastic Bands for Flexibility, Rehab, Fitness, Ideal for Men & Women (Purple) ",29.90,, 79,Y
,Motim,2024-10-10,Y,11 - 12 Oct,https://www.noon.com//uae-en/yoga-foam-bricks-fitness-equinment-block-9-x-6-x-3cm/N30116717A/p/?o=ef82480bd4a1649f,Motim Yoga Foam Bricks Fitness Equinment Block 9 x 6 x 3cm ,24.45,,,
5.0,Depend,2024-10-10,Y,11 - 12 Oct,https://www.noon.com//uae-en/non-slip-socks-women-fashion-all-season-socks-sports-casual-simple-striped-colors-for-pilates-yoga-barre-ballet-dance-fitness-football-hospital-mid-tube-socks-free-size-3-pair/ZB632C9DAF2781BC9181BZ/p/?o=zb632c9daf2781bc9181bz-1,Depend Non Slip Socks Women Fashion All Season Socks Sports Casual Simple Striped Colors for Pilates Yoga Barre Ballet Dance Fitness Football Hospital Mid-Tube Socks Free Size 3-Pair ,57.30,1, 75,
5.0,ZCM-HAPPY,2024-10-10,Y,11 - 12 Oct,https://www.noon.com//uae-en/yoga-fitness-exercise-ball-with-air-pump-75cm/ZE3FFF1B6FFB81E419224Z/p/?o=ze3fff1b6ffb81e419224z-1,ZCM-HAPPY Yoga Fitness Exercise Ball With Air Pump 75cm ,33,2, 55,
,Spall,2024-10-10,Y,12 Oct,https://www.noon.com//uae-en/yoga-mat-non-slip-yoga-mat-with-strap-included-10mm-thick-exercise-mat-yoga-and-many-other-home-workouts/ZC6C9145A3D25DF55B11AZ/p/?o=zc6c9145a3d25df55b11az-1,"Spall Yoga Mat Non Slip,Yoga Mat with Strap Included 10mm Thick Exercise Mat Yoga and Many Other Home Workouts ",38.50,, 80,
,Y&D,2024-10-10,Y,11 - 12 Oct,https://www.noon.com//uae-en/yoga-barre-socks-non-slip-anti-skid-sticky-silicone-grips-cotton-for-pilates-gym-pure-ballet-dance-barefoot-workout-ankle-multiuse-black-grey-skin-color-3pcs/Z2F9046D53376D3F6A8B7Z/p/?o=z2f9046d53376d3f6a8b7z-1,Y&D Yoga Barre Socks Non Slip Anti Skid Sticky Silicone Grips Cotton for Pilates Gym Pure Ballet Dance Barefoot Workout Ankle Multiuse Black Grey Skin Color 3Pcs ,50,, 69,
4.4,GROIC,2024-10-10,,1 HR 23 MINS,https://www.noon.com//uae-en/5kg-sandbell-sandbag-filled-exercise-pattern-workout-bag-use-at-home-gym-equipment-an-anywhere-sand-bag-kettlebell-ships-pre-filled-for-fitness/ZCAFC184D73864AC47048Z/p/?o=bcbb5d70c1c86e0d,GROIC 5Kg SandBell Sandbag Filled Exercise Pattern Workout Bag Use at Home Gym Equipment an Anywhere Sand Bag Kettlebell Ships Pre-Filled for Fitness ,45,6, 200,
4.2,SkyLand,2024-10-10,Y,12 Oct,https://www.noon.com//uae-en/unisex-comfortable-and-extra-protection-anti-skid-tpe-yoga-mat-61-183cm/N35881029A/p/?o=b96b6e771577d99d,SkyLand Unisex Comfortable and Extra Protection Anti-Skid TPE Yoga Mat 61*183cm ,55,23,,
4.8,Bernessi,2024-10-10,Y,11 - 12 Oct,https://www.noon.com//uae-en/8mm-yoga-mat-with-carrying-strap-anti-slip-for-home-workout-exercises-meditation-eco-friendly-non-skid-tpe-yoga-mattres-for-pilates-183x61x0-8cm-thick-pink-black-color/Z24E1B5B4FDE8BB5C6111Z/p/?o=z24e1b5b4fde8bb5c6111z-1,"Bernessi 8MM Yoga Mat with Carrying Strap Anti-Slip for Home Workout Exercises Meditation Eco Friendly, Non Skid TPE Yoga Mattres for Pilates 183x61x0.8cm Thick, Pink/Black Color ",69.90,51, 165,Y
,URbazaar,2024-10-10,Y,11 - 12 Oct,https://www.noon.com//uae-en/yoga-mat-for-women-and-men-extra-long-and-wide-exercise-mat-72-x24-large-non-slip-workout-mat-for-yoga-pilates-fitness-barefoot-workouts-home-gym-studio/Z603FF8FD1BFB572D8D9FZ/p/?o=z603ff8fd1bfb572d8d9fz-1,"URbazaar Yoga Mat for Women and Men, Extra Long and Wide Exercise Mat(72""x24""), Large Non Slip Workout Mat for Yoga, Pilates, Fitness, Barefoot Workouts, Home Gym Studio ",59.90,, 69.90,Y
4.6,ORiTi,2024-10-10,Y,11 - 12 Oct,https://www.noon.com//uae-en/stretch-strap-with-exercise-guide-versatile-multi-loop-perfect-for-yoga-pilates-and-physical-therapy-portable-helps-improve-flexibility/Z184FBC1B30D0C5DACA2DZ/p/?o=z184fbc1b30d0c5daca2dz-1,ORiTi Stretch Strap with Exercise Guide Versatile Multi-Loop Perfect for Yoga Pilates and Physical Therapy Portable Helps Improve Flexibility ,28,2, 29,Y
5.0,GROIC,2024-10-10,,"1 HR 23 MINS,1 HR 23 MINS,11 - 12 Oct","https://www.noon.com//uae-en/yoga-socks-for-non-slip-women-sock-five-toe-with-grips-toeless-one-size-for-yoga-barre-pilates-dance/Z48ED3C6D1547FC65E273Z/p/?o=z48ed3c6d1547fc65e273z-1,https://www.noon.com//uae-en/yoga-socks-for-non-slip-women-sock-five-toe-with-grips-toeless-one-size-for-yoga-barre-pilates-dance/Z48ED3C6D1547FC65E273Z/p/?o=a51de5aabc8593cd,https://www.noon.com//uae-en/yoga-socks-for-non-slip-women-sock-five-toe-with-grips-toeless-one-size-for-yoga-barre-pilates-dance/Z48ED3C6D1547FC65E273Z/p/?o=z48ed3c6d1547fc65e273z-1","GROIC Yoga Socks for Non-Slip Women Sock Five Toe with Grips Toeless One Size for Yoga, Barre, Pilates, Dance ",22.60,2, 100,
4.7,SYOSI,2024-10-10,,1 HR 23 MINS,https://www.noon.com//uae-en/resistance-bands-professional-exercise-bands-long-natural-latex-elastic-bands/Z05402886C913AB3EEB09Z/p/?o=e49140bbbf45dedc,SYOSI Resistance Bands Professional Exercise Bands Long Natural Latex Elastic Bands ,32.70,12,,
5.0,Maston,2024-10-10,Y,11 - 12 Oct,https://www.noon.com//uae-en/yoga-pilates-ring-fitness-magic-circle-wrap-slimming-body-building-fitness-accessories-foamroller/Z532ED4BF3B873929AEF6Z/p/?o=z532ed4bf3b873929aef6z-1,Maston Yoga Pilates Ring Fitness Magic Circle Wrap Slimming Body Building Fitness Accessories foamroller ,35,1, 39,
4.2,Fitness,2024-10-10,,1 HR 23 MINS,https://www.noon.com//uae-en/exercise-swiss-ball-75cm/N16660086A/p/?o=d2973e7b4167d33b,Fitness World Exercise Swiss Ball 75cm ,30.05,48, 38,
,Excefore,2024-10-10,Y,12 Oct,https://www.noon.com//uae-en/resistance-bands-professional-exercise-bands-long-natural-latex-elastic-bands/Z118F49B60A9AC273115CZ/p/?o=z118f49b60a9ac273115cz-1,Excefore Resistance Bands Professional Exercise Bands Long Natural Latex Elastic Bands ,32.70,, 39.90,
4.9,limodo,2024-10-10,Y,11 - 12 Oct,https://www.noon.com//uae-en/anti-tear-exercise-mat-with-carrying-strap-60x15cm/N48547358A/p/?o=a73e68c31e339e8c,limodo Anti-Tear Exercise Mat With Carrying Strap 60x15cm ,37.20,15, 45.95,
,Gaiam,2024-10-10,Y,11 - 12 Oct,https://www.noon.com//uae-en/6mm-premium-mandala-yoga-mat/Z25D4BDA82C9769BF5FBBZ/p/?o=z25d4bda82c9769bf5fbbz-1,Gaiam 6Mm  Premium Mandala Yoga Mat ,52,, 165,
4.7,ZCM-HAPPY,2024-10-10,Y,11 - 12 Oct,https://www.noon.com//uae-en/2-piece-set-of-yoga-props-bricks/Z717157531B847D80D1F9Z/p/?o=z717157531b847d80d1f9z-1,ZCM-HAPPY 2 Piece Set Of Yoga Props Bricks ,25,7,,
4.4,ZCM-HAPPY,2024-10-10,Y,11 - 12 Oct,https://www.noon.com//uae-en/yoga-fitness-exercise-ball-with-air-pump-75cm/ZAD8031CED5EAB0061F80Z/p/?o=zad8031ced5eab0061f80z-1,ZCM-HAPPY Yoga Fitness Exercise Ball With Air Pump 75cm ,33,2,,
,GROIC,2024-10-10,,"1 HR 23 MINS,1 HR 23 MINS,11 - 12 Oct","https://www.noon.com//uae-en/ab-roller-for-abs-workout-pilates-bar-kit-with-resistance-band-set-exercise-bar-with-ab-roller-yoga-stretching-equipment-core-strength-training-equipment-portable-home-gym-for-men-and-women/Z537AAA58F5ED089134C9Z/p/?o=z537aaa58f5ed089134c9z-1,https://www.noon.com//uae-en/ab-roller-for-abs-workout-pilates-bar-kit-with-resistance-band-set-exercise-bar-with-ab-roller-yoga-stretching-equipment-core-strength-training-equipment-portable-home-gym-for-men-and-women/Z537AAA58F5ED089134C9Z/p/?o=baf9e48161d15c0d,https://www.noon.com//uae-en/ab-roller-for-abs-workout-pilates-bar-kit-with-resistance-band-set-exercise-bar-with-ab-roller-yoga-stretching-equipment-core-strength-training-equipment-portable-home-gym-for-men-and-women/Z537AAA58F5ED089134C9Z/p/?o=z537aaa58f5ed089134c9z-1","GROIC Ab Roller for Abs Workout, Pilates Bar Kit with Resistance Band Set, Exercise Bar with AB Roller, Yoga Stretching Equipment, Core Strength Training Equipment, Portable Home Gym for Men and Women ",104.35,, 200,
4.5,Body,2024-10-10,,"1 HR 23 MINS,1 HR 23 MINS,11 - 12 Oct","https://www.noon.com//uae-en/body-builder-yoga-roller-42x14x14cm/N38544352A/p/?o=cc0cf21e314b206d,https://www.noon.com//uae-en/body-builder-yoga-roller-42x14x14cm/N38544352A/p/?o=b24fe4d789f2240f,https://www.noon.com//uae-en/body-builder-yoga-roller-42x14x14cm/N38544352A/p/?o=cc0cf21e314b206d",Body Builder Body Builder Yoga Roller 42x14x14cm ,27.40,35, 38,
4.4,yoga,2024-10-10,Y,11 - 12 Oct,https://www.noon.com//uae-en/foldable-non-slip-yoga-mat-6mm/N34539674A/p/?o=f24deeae2ac03f2b,yoga mat Foldable Non-Slip Yoga Mat 6mm ,32.50,438, 32.60,
5.0,Rock,2024-10-10,,1 HR 23 MINS,https://www.noon.com//uae-en/acupressure-mat-66-x-42cm/N43250380A/p/?o=df61c26ed615462f,Rock Pow Acupressure Mat 66 x 42cm ,48.15,1,,
5.0,BOLDFIT,2024-10-10,Y,11 - 12 Oct,https://www.noon.com//uae-en/durable-and-comfy-texture-yoga-belt-strap-for-stretching-with-extra-safe-adjustable-d-ring-buckle/ZB9CDE67D0E9D26CAE10DZ/p/?o=zb9cde67d0e9d26cae10dz-1,BOLDFIT Durable and Comfy Texture Yoga Belt Strap For Stretching with Extra Safe Adjustable D-Ring Buckle ,39,1, 59,
,Adidas,2024-10-10,Y,11 - 12 Oct,https://www.noon.com//uae-en/fitness-mat-7mm-dark-green/Z4FBC4BFA6B5CB3EA81CFZ/p/?o=z4fbc4bfa6b5cb3ea81cfz-1,Adidas Fitness Mat - 7Mm - Dark Green ,107.05,, 115,
,HaveDream,2024-10-10,Y,11 - 12 Oct,https://www.noon.com//uae-en/women-s-yoga-socks-split-toe-non-slip-socks-pilates-socks-five-toe-sports-socks-light-green/Z670288C6FB154958BEEFZ/p/?o=z670288c6fb154958beefz-1,"HaveDream Women's Yoga Socks, Split-Toe Non-Slip Socks Pilates Socks Five-Toe Sports Socks - Light Green ",21,, 28,
,Adidas,2024-10-10,Y,11 - 12 Oct,https://www.noon.com//uae-en/fitness-mat-10mm-dark-green/Z8E2E75E9B01F70A5C6DAZ/p/?o=z8e2e75e9b01f70a5c6daz-1,Adidas Fitness Mat - 10Mm - Dark Green ,142.30,, 155,
,Generic,2024-10-10,,,https://www.noon.com//uae-en/adjustable-anti-gravity-home-aerial-yoga-hammock-swing-trapeze-inversion-tool-250-150cm/N42326497A/p/?o=bb0af8063147934d,Generic Adjustable Anti-Gravity Home Aerial Yoga Hammock Swing Trapeze Inversion Tool 250*150cm ,177.05,, 520,Y
,WENBO,2024-10-10,Y,11 - 12 Oct,https://www.noon.com//uae-en/balance-trainer-with-resistance-bands-balance-board-yoga-half-ball-air-dome-balance-ball-with-pump-improve-core-and-ab-strength-with-full-body-home-gym-workouts-or-fitness-training/Z8E11327164B07C1284D1Z/p/?o=z8e11327164b07c1284d1z-1,"WENBO Balance Trainer with Resistance Bands, Balance Board, Yoga Half Ball, Air Dome Balance Ball with Pump,Improve Core and Ab Strength with Full Body Home Gym Workouts Or Fitness Training ",168.55,, 199,Y
,WENBO,2024-10-10,Y,11 - 12 Oct,https://www.noon.com//uae-en/foam-yoga-roller-for-body-muscle-relaxation-soft-box-pilates-home-gym-workout-45cm-blue/ZA28B493438BC447D6F73Z/p/?o=za28b493438bc447d6f73z-1,"WENBO Foam Yoga Roller For Body Muscle Relaxation Soft Box Pilates Home Gym Workout (45cm, Blue) ",42,, 48,Y
4.4,Kanteen,2024-10-10,,13 Oct,https://www.noon.com//uae-en/anti-burst-sports-swiss-yoga-aerobic-body-fitness-ball-65cm/N22815219A/p/?o=ecdeba83617ac31e,Kanteen Store Anti Burst Sports Swiss Yoga Aerobic Body Fitness Ball 65cm ,32,276, 44,
,Spall,2024-10-10,Y,11 - 12 Oct,https://www.noon.com//uae-en/yoga-mats-anti-slip-sport-fitness-mat-blanket-for-exercise-yoga-and-pilates-gymnastics-mat-fitness-equipment-6mm/Z131EFE3A0A418553788CZ/p/?o=z131efe3a0a418553788cz-1,Spall Yoga Mats Anti-slip Sport Fitness Mat Blanket For Exercise Yoga And Pilates Gymnastics Mat Fitness Equipment 6mm ,37,, 50,
,Manduka,2024-10-10,,16 Oct,https://www.noon.com//uae-en/prolite-yoga-mat-indulge-71-inch/ZAAF4543ABA27716CF7AFZ/p/?o=zaaf4543aba27716cf7afz-1,Manduka Prolite Yoga Mat Indulge 71 Inch ,490,,,
,GROIC,2024-10-10,Y,12 Oct,https://www.noon.com//uae-en/lifting-leggings-for-woman-high-waisted-seamless-yoga-compression-pants-gym-workout-tights-fitness-pants/Z99E39156A28E9886EBE3Z/p/?o=z99e39156a28e9886ebe3z-1,"GROIC Lifting Leggings for Woman,High Waisted Seamless Yoga Compression Pants Gym Workout Tights,Fitness Pants ",79.20,,,
,Yalla,2024-10-10,,13 Oct,https://www.noon.com//uae-en/yalla-homegym-30mm-extra-thick-rubber-heavy-duty-gym-floor-mat-commercial-gym-rubber-floor-tiles-shock-absorbing-1-squared-meter-black/ZE7C9F6AC8E92A3443C39Z/p/?o=ze7c9f6ac8e92a3443c39z-1,"Yalla HomeGym YALLA HomeGym 30MM EXTRA THICK Rubber Heavy-Duty Gym Floor Mat, Commercial Gym Rubber Floor Tiles Shock Absorbing 1 Squared Meter (BLACK) ",270,,,
,Arabest,2024-10-10,Y,11 - 12 Oct,https://www.noon.com//uae-en/rope-skipping-soundproof-mats-shock-absorbing-mats-large-yoga-mats-padded-indoor-sports-mats-and-static-for-fitness-users-sound-cushion/Z4FBC5C3351A2A3E1283BZ/p/?o=z4fbc5c3351a2a3e1283bz-1,"Arabest Rope Skipping Soundproof Mats, Shock-Absorbing Mats, Large Yoga Mats, Padded Indoor Sports Mats, And Static for Fitness Users Sound Cushion ",52.20,,,
3.8,DBLEW,2024-10-10,Y,11 - 12 Oct,https://www.noon.com//uae-en/4mm-thick-yoga-mat-knees-supportive-anti-slip-fitness-home-exercise-eco-friendly-ideal-for-all-types-of-pilates-floor-workouts-gym-stretching-61x173cm/Z7B5DD06DBFCED14AFA8CZ/p/?o=z7b5dd06dbfced14afa8cz-1,DBLEW 4mm Thick Yoga Mat Knees Supportive Anti Slip Fitness Home Exercise Eco Friendly Ideal For All Types Of Pilates Floor Workouts Gym Stretching 61x173cm ,27,12, 50,
4.7,Body,2024-10-10,Y,11 - 12 Oct,https://www.noon.com//uae-en/yoga-roller-column-33cm/N41312631A/p/?o=f1fe7aa56e62e56f,Body Builder Yoga Roller Column 33cm ,30.05,9, 35.95,
3.5,SYOSI,2024-10-10,Y,12 Oct,https://www.noon.com//uae-en/peanut-ball-exercise-yoga-balance-stability-sitting-anti-burst-ball-for-labor-birthing-kids-sensory-toys-home-gym-fintness-include-pump-strap/ZB3BECB6C88EAD33289D6Z/p/?o=zb3becb6c88ead33289d6z-1,"SYOSI Peanut Ball, Exercise Yoga Balance Stability Sitting Anti Burst Ball for Labor Birthing, Kids Sensory Toys, Home & Gym Fintness, Include Pump Strap ",81.95,3,,
5.0,GROIC,2024-10-10,,"1 HR 23 MINS,1 HR 23 MINS,11 - 12 Oct","https://www.noon.com//uae-en/pilates-bar-kit-with-resistance-bands-6-x-resistance-bands-3-section-pilates-bar-with-stackable-bands-workout-equipment-for-legs-hip-waist-and-arm-exercise-fitness-equipment-for-adult/ZD8EDDD325573EC7B2A21Z/p/?o=zd8eddd325573ec7b2a21z-1,https://www.noon.com//uae-en/pilates-bar-kit-with-resistance-bands-6-x-resistance-bands-3-section-pilates-bar-with-stackable-bands-workout-equipment-for-legs-hip-waist-and-arm-exercise-fitness-equipment-for-adult/ZD8EDDD325573EC7B2A21Z/p/?o=a21d807f6d8a9aff,https://www.noon.com//uae-en/pilates-bar-kit-with-resistance-bands-6-x-resistance-bands-3-section-pilates-bar-with-stackable-bands-workout-equipment-for-legs-hip-waist-and-arm-exercise-fitness-equipment-for-adult/ZD8EDDD325573EC7B2A21Z/p/?o=zd8eddd325573ec7b2a21z-1","GROIC Pilates Bar Kit with Resistance Bands(6 x Resistance Bands),3-Section Pilates Bar with Stackable Bands Workout Equipment for Legs,Hip,Waist and Arm,Exercise Fitness Equipment for Adult ",92.90,1, 200,
5.0,RIOXS,2024-10-10,,"1 HR 23 MINS,1 HR 23 MINS,11 - 12 Oct","https://www.noon.com//uae-en/5-pairs-yoga-socks-for-women-non-slip-grips-straps-non-slip-socks-for-yoga-pilates-ideal-for-pilates-ballet-dance-barefoot-workout/Z288231EEFD4008FE0C11Z/p/?o=z288231eefd4008fe0c11z-1,https://www.noon.com//uae-en/5-pairs-yoga-socks-for-women-non-slip-grips-straps-non-slip-socks-for-yoga-pilates-ideal-for-pilates-ballet-dance-barefoot-workout/Z288231EEFD4008FE0C11Z/p/?o=dc3c9af237d73bda,https://www.noon.com//uae-en/5-pairs-yoga-socks-for-women-non-slip-grips-straps-non-slip-socks-for-yoga-pilates-ideal-for-pilates-ballet-dance-barefoot-workout/Z288231EEFD4008FE0C11Z/p/?o=z288231eefd4008fe0c11z-1",RIOXS 5 Pairs Yoga Socks For Women Non-Slip Grips & Straps Non Slip Socks For Yoga Pilates Ideal For Pilates Ballet Dance Barefoot Workout ,46.05,1, 99,
,GROIC,2024-10-10,,"1 HR 23 MINS,1 HR 23 MINS,11 - 12 Oct","https://www.noon.com//uae-en/5-in-1-foam-roller-set-for-deep-tissue-muscle-massage-trigger-point-fitness-exercise-foam-roller-massage-roller-massage-ball-stretching-strap-for-whole-body/ZA3DED90B9E16F14E8ED0Z/p/?o=za3ded90b9e16f14e8ed0z-1,https://www.noon.com//uae-en/5-in-1-foam-roller-set-for-deep-tissue-muscle-massage-trigger-point-fitness-exercise-foam-roller-massage-roller-massage-ball-stretching-strap-for-whole-body/ZA3DED90B9E16F14E8ED0Z/p/?o=ab6a3bdcee76c88a,https://www.noon.com//uae-en/5-in-1-foam-roller-set-for-deep-tissue-muscle-massage-trigger-point-fitness-exercise-foam-roller-massage-roller-massage-ball-stretching-strap-for-whole-body/ZA3DED90B9E16F14E8ED0Z/p/?o=za3ded90b9e16f14e8ed0z-1","GROIC 5 in 1 Foam Roller Set for Deep Tissue Muscle Massage, Trigger Point Fitness Exercise Foam Roller, Massage Roller, Massage Ball, Stretching Strap, for Whole Body ",96.95,, 200,
5.0,SHAPE,2024-10-10,Y,11 - 12 Oct,https://www.noon.com//uae-en/quick-dry-microfiber-absorbent-towel-set-of-l-s-buttoned-loop-with-pouch-compact-lightweight-antibacterial-for-beach-travel-camping-gym-workout-sports-yoga-fitness-hiking-with-shapeup-brand-keychain/ZDF70489150C22B11DC1CZ/p/?o=zdf70489150c22b11dc1cz-1,SHAPE UP Quick Dry Microfiber Absorbent Towel Set of L+S Buttoned Loop with Pouch Compact Lightweight Antibacterial for Beach Travel Camping Gym Workout Sports Yoga Fitness Hiking with ShapeUp Brand Keychain ,84,3, 110,
3.6,GROIC,2024-10-10,,"1 HR 23 MINS,1 HR 23 MINS,11 - 12 Oct","https://www.noon.com//uae-en/waist-twist-board-fitness-waist-twist-plate-body-sculpting-waist-twist-machine-turntable-aerobic-fitness-equipment-exercise-balance-board-abdominal-muscle-training-board-sports-equipment/ZD289F6BF478600EE2058Z/p/?o=zd289f6bf478600ee2058z-1,https://www.noon.com//uae-en/waist-twist-board-fitness-waist-twist-plate-body-sculpting-waist-twist-machine-turntable-aerobic-fitness-equipment-exercise-balance-board-abdominal-muscle-training-board-sports-equipment/ZD289F6BF478600EE2058Z/p/?o=e937a0f17e237c8e,https://www.noon.com//uae-en/waist-twist-board-fitness-waist-twist-plate-body-sculpting-waist-twist-machine-turntable-aerobic-fitness-equipment-exercise-balance-board-abdominal-muscle-training-board-sports-equipment/ZD289F6BF478600EE2058Z/p/?o=zd289f6bf478600ee2058z-1","GROIC Waist Twist Board, Fitness Waist Twist Plate, Body Sculpting Waist Twist Machine Turntable, Aerobic Fitness Equipment, Exercise Balance Board, Abdominal Muscle Training Board, Sports Equipment ",58.85,10, 200,
5.0,ZCM-HAPPY,2024-10-10,Y,11 - 12 Oct,https://www.noon.com//uae-en/2-piece-set-of-yoga-props-bricks/ZFAEA6BA1519488AC1896Z/p/?o=zfaea6ba1519488ac1896z-1,ZCM-HAPPY 2 Piece Set Of Yoga Props Bricks ,25,1,,
4.6,Vitacelli,2024-10-10,,"1 HR 23 MINS,1 HR 23 MINS,11 - 12 Oct","https://www.noon.com//uae-en/facial-neck-lifting-machine-white/Z240D8A40A030A377C5B9Z/p/?o=z240d8a40a030a377c5b9z-1,https://www.noon.com//uae-en/facial-neck-lifting-machine-white/Z240D8A40A030A377C5B9Z/p/?o=c62f8d268b72e39d,https://www.noon.com//uae-en/facial-neck-lifting-machine-white/Z240D8A40A030A377C5B9Z/p/?o=z240d8a40a030a377c5b9z-1",Vitacelli Facial Neck Lifting Machine White ,50,3, 85,
4.5,SkyLand,2024-10-10,Y,12 Oct,https://www.noon.com//uae-en/anti-skid-yoga-mat-6-mm-purple-61-x-13-x-13cm/N35881030A/p/?o=ae4242abc0c8718a,SkyLand Anti-Skid Yoga Mat 6 mm - Purple 61 X  13 X 13cm ,55,36, 69,
4.3,BODY,2024-10-10,,1 HR 23 MINS,https://www.noon.com//uae-en/anti-burst-gymball-30inch/N16241886A/p/?o=c0e12db586759f2b,BODY SCULPTURE Anti-Burst Gymball 30inch ,65.65,7, 95,
,DEGA,2024-10-10,,16 Oct,https://www.noon.com//uae-en/exercise-mat-folding-thick-with-carrying-handles-for-tumbling-mma-martial-arts-gymnastics-stretching-core-workouts/Z2729870AF94FBE55FDFDZ/p/?o=z2729870af94fbe55fdfdz-1,"DEGA Exercise Mat Folding Thick with Carrying Handles for Tumbling, MMA, Martial Arts, Gymnastics, Stretching, Core Workouts ",160,,,
5.0,TYCOM,2024-10-10,Y,11 - 12 Oct,https://www.noon.com//uae-en/tycom-resistance-loop-bands-resistance-exercise-bands-set-workout-bands-flex-bands-for-home-fitness-stretching-strength-training-physical-therapy-yoga/ZE5D7520215AA49D4ED49Z/p/?o=ze5d7520215aa49d4ed49z-1,"TYCOM Tycom Resistance Loop Bands- Resistance Exercise Bands Set Workout Bands Flex bands for Home Fitness, Stretching, Strength Training, Physical Therapy, Yoga ",28.90,1, 49,Y
,MELA,2024-10-10,Y,12 Oct,https://www.noon.com//uae-en/mela-non-slip-yoga-mat-for-home-gym-6mm-thick-eco-friendly-tpe-cushioned-exercise-mat-with-carry-strap-perfect-for-yoga-pilates-fitness-training-gymnastics-essentials-beige/ZECB29782C8C4BD506B8EZ/p/?o=zecb29782c8c4bd506b8ez-1,"MELA MELA Non-Slip Yoga Mat for Home Gym - 6mm Thick, Eco-Friendly TPE, Cushioned Exercise Mat with Carry Strap - Perfect for Yoga, Pilates, Fitness Training, & Gymnastics Essentials  - Beige ",79,, 119,Y
,Generic,2024-10-10,Y,11 - 12 Oct,https://www.noon.com//uae-en/5-pieces-sports-wicking-instant-dry-cooling-towel/ZD47F076F0E799BD13A58Z/p/?o=zd47f076f0e799bd13a58z-1,Generic 5 Pieces Sports Wicking Instant Dry Cooling Towel ,30.50,, 59.95,Y
,DOOAIR,2024-10-10,Y,11 - 12 Oct,https://www.noon.com//uae-en/extra-thick-yoga-mat-purple-1cm/Z2B98E07D20A7B101ACD4Z/p/?o=z2b98e07d20a7b101acd4z-1,DOOAIR Extra Thick Yoga Mat Purple 1CM ,30,, 80,
,Tchibo,2024-10-10,Y,11 - 12 Oct,https://www.noon.com//uae-en/yoga-balance-pad-blue/Z6D02C944FF98B1862843Z/p/?o=z6d02c944ff98b1862843z-1,"Tchibo Yoga Balance Pad, Blue ",62.95,,,
5.0,Maston,2024-10-10,Y,11 - 12 Oct,https://www.noon.com//uae-en/yoga-pilates-ring-fitness-magic-circle-wrap-slimming-body-building-fitness-accessories-foamroller/Z532ED4BF3B873929AEF6Z/p/?o=z532ed4bf3b873929aef6z-1,Maston Yoga Pilates Ring Fitness Magic Circle Wrap Slimming Body Building Fitness Accessories foamroller ,35,1, 39,Y
5.0,Generic,2024-10-10,Y,11 - 12 Oct,https://www.noon.com//uae-en/extra-thick-high-density-anti-tear-exercise-yoga-mat/Z6AA422C01041A12BF086Z/p/?o=z6aa422c01041a12bf086z-1,Generic Extra Thick High Density Anti-Tear Exercise Yoga Mat ,29,2, 648,Y
3.1,MahMir,2024-10-10,Y,12 Oct,https://www.noon.com//uae-en/mahmir-eva-foam-roller-for-yoga-deep-tissue-massage-stretching-physical-therapy-relieve-stress-improve-mobility-with-foam-roller-for-legs-and-muscles-deep-tissue-massage-tool-light-blue/Z1FFBA90CF03B4E1CDF5CZ/p/?o=z1ffba90cf03b4e1cdf5cz-1,"MahMir Mahmir® EVA Foam Roller for Yoga, Deep Tissue Massage, Stretching, Physical Therapy, Relieve Stress, Improve Mobility with Foam Roller for Legs and Muscles - Deep Tissue Massage Tool (Light Blue) ",29.95,3,,Y
,umbro,2024-10-10,Y,11 - 12 Oct,https://www.noon.com//uae-en/3-piece-brand-logo-stretch-brand-blue/Z229A3BBBDD746BBBB4B7Z/p/?o=z229a3bbbdd746bbbb4b7z-1,"umbro 3 Piece Brand Logo Stretch Brand, Blue ",63.95,,,
,umbro,2024-10-10,Y,11 - 12 Oct,https://www.noon.com//uae-en/3-pieces-resistance-band-black-red-blue/Z3F006A9B6730B4C0EC48Z/p/?o=z3f006a9b6730b4c0ec48z-1,"umbro 3 Pieces Resistance Band, Black/Red/Blue ",50.95,,,
,BORTONY,2024-10-10,Y,11 - 12 Oct,https://www.noon.com//uae-en/yoga-mat-anti-tear-exercise-mat-with-carrying-strap-60x10cm/ZBB204679EDE24F078737Z/p/?o=zbb204679ede24f078737z-1,BORTONY Yoga Mat Anti-Tear Exercise Mat With Carrying Strap 60x10cm ,32,,,
,Toesox,2024-10-10,,16 Oct,https://www.noon.com//uae-en/ballerina-half-toe-socks/N16573470V/p/?o=b4fe5e72003a898b,Toesox Ballerina Half Toe Socks ,94.50,,,
,OASIS-TH,2024-10-10,Y,11 - 12 Oct,https://www.noon.com//uae-en/pilates-pose-yoga-mat-large-size-173-x-61-x-0-6-cm-fitness-yoga-mat/Z81B74583AAC3F321A3C4Z/p/?o=z81b74583aac3f321a3c4z-1,OASIS-TH Pilates pose Yoga mat Large size 173 x 61 x 0.6 cm Fitness Yoga Mat ,49,, 99,
3.8,NNEWVANTE,2024-10-10,Y,11 - 12 Oct,https://www.noon.com//uae-en/nnewvante-silk-sleep-mask-2-pack-100-real-natural-pure-silk-eye-mask-with-adjustable-strap-eye-mask-for-sleeping-eye-sleep-shade-cover-blocks-light-reduces-puffy-eyes-gifts/Z549615CC1C4033D14D98Z/p/?o=z549615cc1c4033d14d98z-1,"NNEWVANTE Nnewvante Silk Sleep Mask, 2 Pack 100% Real Natural Pure Silk Eye Mask with Adjustable Strap, Eye Mask for Sleeping, Eye Sleep Shade Cover, Blocks Light Reduces Puffy Eyes Gifts ",23.95,3, 35.95,Y
,LYNLYN,2024-10-10,Y,11 - 12 Oct,https://www.noon.com//uae-en/1-5m-resistance-bands-for-yoga-pilates-strength-training-elastic-bands-for-flexibility-rehab-fitness-ideal-for-men-women-purple/ZC9120F5FA66B652CD3C3Z/p/?o=zc9120f5fa66b652cd3c3z-1,"LYNLYN 1.5m Resistance Bands for Yoga, Pilates, Strength Training, Elastic Bands for Flexibility, Rehab, Fitness, Ideal for Men & Women (Purple) ",29.90,, 79,Y
,BORTONY,2024-10-10,Y,11 - 12 Oct,https://www.noon.com//uae-en/everyday-essentials-extra-thick-high-density-anti-tear-exercise-yoga-mat-with-carrying-strap/ZFC6410827ACE4503A666Z/p/?o=zfc6410827ace4503a666z-1,BORTONY Everyday Essentials Extra Thick High-Density Anti-Tear Exercise Yoga Mat with Carrying Strap ,45,,,
,Gymnic,2024-10-10,Y,11 - 12 Oct,https://www.noon.com//uae-en/adjustable-exercise-bowls-set-of-2-yellow/Z65BFF2835F8D2FCF56D2Z/p/?o=z65bff2835f8d2fcf56d2z-1,"Gymnic Adjustable Exercise Bowls Set Of 2, Yellow ",163.95,,,
,GROIC,2024-10-10,Y,11 - 12 Oct,https://www.noon.com//uae-en/yoga-mat-extra-wide-72-x-31-5-x-0-24-pilates-fitness-mats-with-alignment-marks-non-slip-fitness-yoga-mats-exercise-mats-for-yoga-pilates-home-floor-workout-with-carrying-sling-and-storage-bag/Z3F95B162CE89D5F0E378Z/p/?o=z3f95b162ce89d5f0e378z-1,"GROIC Yoga Mat, Extra Wide 72""x 31.5"" x 0.24"" Pilates Fitness Mats with Alignment Marks, Non Slip Fitness Yoga Mats, Exercise Mats for Yoga Pilates Home Floor Workout with Carrying Sling and Storage Bag ",125.95,, 250,
,umbro,2024-10-10,Y,11 - 12 Oct,https://www.noon.com//uae-en/double-roller-abdominal-trainer-black-blue/Z9C4741B85A4D159E2429Z/p/?o=z9c4741b85a4d159e2429z-1,"umbro Double Roller Abdominal Trainer, Black/Blue ",75.95,,,
,FFA,2024-10-10,Y,11 - 12 Oct,https://www.noon.com//uae-en/ffa-sports-extra-10mm-thick-exercise-mat-non-slip-with-carrying-strap-ideal-for-pilates-yoga-and-many-other-home-workouts/ZB3373C7D747DB8D40E45Z/p/?o=zb3373c7d747db8d40e45z-1,"FFA SPORTS Fitness for All FFA SPORTS Extra 10mm Thick Exercise Mat Non Slip with Carrying Strap Ideal for Pilates, Yoga and Many Other Home Workouts ",44,, 50,
,FFA,2024-10-10,Y,11 - 12 Oct,https://www.noon.com//uae-en/ffa-sports-extra-10mm-thick-exercise-mat-non-slip-with-carrying-strap-ideal-for-pilates-yoga-and-many-other-home-workouts/ZBB78D5C43CF34B9706F2Z/p/?o=zbb78d5c43cf34b9706f2z-1,"FFA SPORTS Fitness for All FFA SPORTS Extra 10mm Thick Exercise Mat Non Slip with Carrying Strap Ideal for Pilates, Yoga and Many Other Home Workouts ",44,, 50,
,FFA,2024-10-10,Y,11 - 12 Oct,https://www.noon.com//uae-en/ffa-sports-extra-10mm-thick-exercise-mat-non-slip-with-carrying-strap-ideal-for-pilates-yoga-and-many-other-home-workouts/ZE866BF268E3D5CBB064AZ/p/?o=ze866bf268e3d5cbb064az-1,"FFA SPORTS Fitness for All FFA SPORTS Extra 10mm Thick Exercise Mat Non Slip with Carrying Strap Ideal for Pilates, Yoga and Many Other Home Workouts ",44,, 50,
4.8,Bernessi,2024-10-10,Y,11 - 12 Oct,https://www.noon.com//uae-en/8mm-yoga-mat-with-carrying-strap-anti-slip-for-home-workout-exercises-meditation-eco-friendly-non-skid-tpe-yoga-mattres-for-pilates-183x61x0-8cm-thick-pink-black-color/Z24E1B5B4FDE8BB5C6111Z/p/?o=z24e1b5b4fde8bb5c6111z-1,"Bernessi 8MM Yoga Mat with Carrying Strap Anti-Slip for Home Workout Exercises Meditation Eco Friendly, Non Skid TPE Yoga Mattres for Pilates 183x61x0.8cm Thick, Pink/Black Color ",69.90,51, 165,Y
,URbazaar,2024-10-10,Y,11 - 12 Oct,https://www.noon.com//uae-en/yoga-mat-for-women-and-men-extra-long-and-wide-exercise-mat-72-x24-large-non-slip-workout-mat-for-yoga-pilates-fitness-barefoot-workouts-home-gym-studio/Z603FF8FD1BFB572D8D9FZ/p/?o=z603ff8fd1bfb572d8d9fz-1,"URbazaar Yoga Mat for Women and Men, Extra Long and Wide Exercise Mat(72""x24""), Large Non Slip Workout Mat for Yoga, Pilates, Fitness, Barefoot Workouts, Home Gym Studio ",59.90,, 69.90,Y
4.6,ORiTi,2024-10-10,Y,11 - 12 Oct,https://www.noon.com//uae-en/stretch-strap-with-exercise-guide-versatile-multi-loop-perfect-for-yoga-pilates-and-physical-therapy-portable-helps-improve-flexibility/Z184FBC1B30D0C5DACA2DZ/p/?o=z184fbc1b30d0c5daca2dz-1,ORiTi Stretch Strap with Exercise Guide Versatile Multi-Loop Perfect for Yoga Pilates and Physical Therapy Portable Helps Improve Flexibility ,28,2, 29,Y
,Tchibo,2024-10-10,Y,11 - 12 Oct,https://www.noon.com//uae-en/football-rebound-trainer-black/Z055697FFBD6F8A9237C0Z/p/?o=z055697ffbd6f8a9237c0z-1,"Tchibo Football Rebound Trainer, Black ",55.95,,,
,umbro,2024-10-10,Y,11 - 12 Oct,https://www.noon.com//uae-en/strength-training-kettlebell-grey/Z7CC6351C86B242D75531Z/p/?o=z7cc6351c86b242d75531z-1,"umbro Strength Training Kettlebell , Grey ",70.95,,,
,Generic,2024-10-10,Y,12 Oct,https://www.noon.com//uae-en/non-slip-exercise-mat-for-jump-rope-shock-absorbing-design-for-adults-kids-ideal-for-indoor-workouts-yoga-pilates-and-travel-fitness/ZC6BFF033EC93ADCD2ECBZ/p/?o=zc6bff033ec93adcd2ecbz-1,"Generic Non-Slip Exercise Mat for Jump Rope, Shock Absorbing Design for Adults & Kids, Ideal for Indoor Workouts, Yoga, Pilates, and Travel Fitness ",84.85,,,
,Motiv,2024-10-10,Y,11 - 12 Oct,https://www.noon.com//uae-en/running-waist-pack-12-h-x-21-l-x-2-w-cm-black-pink/Z08CC868A87DC2A448270Z/p/?o=z08cc868a87dc2a448270z-1,"Motiv Running Waist Pack 12 H x 21 L x 2 W cm, Black/Pink ",45.95,,,
,umbro,2024-10-10,Y,11 - 12 Oct,https://www.noon.com//uae-en/strength-training-2-kg-kettlebells-weightlifting-grey/Z3B74851583CB5628BF06Z/p/?o=z3b74851583cb5628bf06z-1,"umbro Strength Training 2 Kg Kettlebells Weightlifting, Grey ",63.95,,,
,Motiv,2024-10-10,Y,11 - 12 Oct,https://www.noon.com//uae-en/comfort-foam-fitness-mat-10-mm-yellow/Z3F131BD7D1931FE08CBEZ/p/?o=z3f131bd7d1931fe08cbez-1,"Motiv Comfort Foam Fitness Mat 10 mm, Yellow ",88.95,,,
,umbro,2024-10-10,Y,11 - 12 Oct,https://www.noon.com//uae-en/2-pieces-balance-pods-16-x-8-cm-blue/Z71E7B609BF572EE7A4D7Z/p/?o=z71e7b609bf572ee7a4d7z-1,"umbro 2 Pieces Balance Pods 16 x 8 cm, Blue ",63.95,,,
,TapouT,2024-10-10,Y,11 - 12 Oct,https://www.noon.com//uae-en/3-pc-resistance-toning-set-red/Z5E1196DC5373BD85B2DEZ/p/?o=z5e1196dc5373bd85b2dez-1,"TapouT 3 Pc Resistance Toning Set, Red ",58.95,,,
,RBX,2024-10-10,Y,11 - 12 Oct,https://www.noon.com//uae-en/12mm-exercise-mat-pink/ZAA7CE6B09A4480B92A46Z/p/?o=zaa7ce6b09a4480b92a46z-1,"RBX 12mm Exercise Mat, Pink ",88.95,,,
,BORTONY,2024-10-10,Y,11 - 12 Oct,https://www.noon.com//uae-en/anti-tear-exercise-mat-with-carrying-strap/ZEDB887ED57E02F48D25AZ/p/?o=zedb887ed57e02f48d25az-1,BORTONY Anti-Tear Exercise Mat With Carrying Strap ,38,,,
,Tchibo,2024-10-10,Y,11 - 12 Oct,https://www.noon.com//uae-en/set-of-3-training-bands-grey-and-white-and-green/ZB3F9CAD75272E863E1E6Z/p/?o=zb3f9cad75272e863e1e6z-1,"Tchibo Set Of 3 Training Bands, Grey and White and Green ",55.95,,,
,Generic,2024-10-10,Y,12 Oct,https://www.noon.com//uae-en/non-slip-exercise-mat-for-jump-rope-shock-absorbing-design-for-adults-kids-ideal-for-indoor-workouts-yoga-pilates-and-travel-fitness/Z99A62111AB6E6C33B782Z/p/?o=z99a62111ab6e6c33b782z-1,"Generic Non-Slip Exercise Mat for Jump Rope, Shock Absorbing Design for Adults & Kids, Ideal for Indoor Workouts, Yoga, Pilates, and Travel Fitness ",84.85,,,
,Generic,2024-10-10,Y,12 Oct,https://www.noon.com//uae-en/non-slip-exercise-mat-for-jump-rope-shock-absorbing-design-for-adults-kids-ideal-for-indoor-workouts-yoga-pilates-and-travel-fitness/ZC7F6839EE72D4B0A3AB0Z/p/?o=zc7f6839ee72d4b0a3ab0z-1,"Generic Non-Slip Exercise Mat for Jump Rope, Shock Absorbing Design for Adults & Kids, Ideal for Indoor Workouts, Yoga, Pilates, and Travel Fitness ",84.95,,,
,BORTONY,2024-10-10,Y,11 - 12 Oct,https://www.noon.com//uae-en/everyday-essentials-extra-thick-high-density-anti-tear-exercise-yoga-mat-with-carrying-strap/Z40F9C994F5AADB3D6671Z/p/?o=z40f9c994f5aadb3d6671z-1,BORTONY Everyday Essentials Extra Thick High-Density Anti-Tear Exercise Yoga Mat with Carrying Strap ,42,,,
,Motiv,2024-10-10,Y,11 - 12 Oct,https://www.noon.com//uae-en/comfort-foam-fitness-mat-170-l-x-59-w-cm-black/ZAE4BC855B8B9EBC14831Z/p/?o=zae4bc855b8b9ebc14831z-1,"Motiv Comfort Foam Fitness Mat 170 L x 59 W cm, Black ",88.95,,,
,umbro,2024-10-10,Y,11 - 12 Oct,https://www.noon.com//uae-en/arm-and-leg-trainer-36-x-13-cm-blue/Z40B4FC1E19D8E4F382BCZ/p/?o=z40b4fc1e19d8e4f382bcz-1,"umbro Arm And Leg Trainer 36 x 13 cm, Blue ",45.95,,,
,TapouT,2024-10-10,Y,11 - 12 Oct,https://www.noon.com//uae-en/venum-impact-boxing-gloves-black/ZCAE4D0DD9CA9EFC02FF4Z/p/?o=zcae4d0dd9ca9efc02ff4z-1,"TapouT Venum Impact Boxing Gloves, Black ",170.95,,,
,Generic,2024-10-10,,,https://www.noon.com//uae-en/adjustable-anti-gravity-home-aerial-yoga-hammock-swing-trapeze-inversion-tool-250-150cm/N42326497A/p/?o=bb0af8063147934d,Generic Adjustable Anti-Gravity Home Aerial Yoga Hammock Swing Trapeze Inversion Tool 250*150cm ,177.05,, 520,Y
,WENBO,2024-10-10,Y,11 - 12 Oct,https://www.noon.com//uae-en/balance-trainer-with-resistance-bands-balance-board-yoga-half-ball-air-dome-balance-ball-with-pump-improve-core-and-ab-strength-with-full-body-home-gym-workouts-or-fitness-training/Z8E11327164B07C1284D1Z/p/?o=z8e11327164b07c1284d1z-1,"WENBO Balance Trainer with Resistance Bands, Balance Board, Yoga Half Ball, Air Dome Balance Ball with Pump,Improve Core and Ab Strength with Full Body Home Gym Workouts Or Fitness Training ",168.55,, 199,Y
,WENBO,2024-10-10,Y,11 - 12 Oct,https://www.noon.com//uae-en/foam-yoga-roller-for-body-muscle-relaxation-soft-box-pilates-home-gym-workout-45cm-blue/ZA28B493438BC447D6F73Z/p/?o=za28b493438bc447d6f73z-1,"WENBO Foam Yoga Roller For Body Muscle Relaxation Soft Box Pilates Home Gym Workout (45cm, Blue) ",42,, 48,Y
,Tchibo,2024-10-10,Y,11 - 12 Oct,https://www.noon.com//uae-en/fitness-resistance-band-teal-green/Z8CBED625920A76C52090Z/p/?o=z8cbed625920a76c52090z-1,"Tchibo Fitness Resistance Band, Teal Green ",47.95,,,
,umbro,2024-10-10,Y,11 - 12 Oct,https://www.noon.com//uae-en/2-kilogram-dumb-bell-red/Z132A2FBEA02A25168C02Z/p/?o=z132a2fbea02a25168c02z-1,"umbro 2 Kilogram Dumb Bell , Red ",70.95,,,
,GROIC,2024-10-10,Y,11 - 12 Oct,https://www.noon.com//uae-en/yoga-mat-extra-wide-72-8-x-31-5-x-0-24-pilates-fitness-mats-with-alignment-marks-non-slip-fitness-yoga-mats-exercise-mats-for-yoga-pilates-home-floor-workout-with-carrying-sling-and-storage-bag/Z40452B9643F74713516FZ/p/?o=z40452b9643f74713516fz-1,"GROIC Yoga Mat, Extra Wide 72.8""x 31.5"" x 0.24"" Pilates Fitness Mats with Alignment Marks, Non Slip Fitness Yoga Mats, Exercise Mats for Yoga Pilates Home Floor Workout with Carrying Sling and Storage Bag ",120.95,, 250,
,General,2024-10-10,Y,11 - 12 Oct,https://www.noon.com//uae-en/multifunctional-home-chest-muscle-shaping-belt-fitness-belt-exercise-belt-resistance-arm-pull-belt-pedal/Z411BAEF032C36BD500C8Z/p/?o=z411baef032c36bd500c8z-1,General Multifunctional home chest muscle shaping belt fitness belt exercise belt resistance arm pull belt pedal ,82.25,,,
,Gaiam,2024-10-10,Y,11 - 12 Oct,https://www.noon.com//uae-en/tpe-yoga-mat-printed-blush-6mm/ZF4B0CB30B8A68912AB54Z/p/?o=zf4b0cb30b8a68912ab54z-1,Gaiam TPE YOGA MAT PRINTED BLUSH 6MM ,224.90,,,
,umbro,2024-10-10,Y,11 - 12 Oct,https://www.noon.com//uae-en/2-pieces-push-up-bar-assorted/ZB664012A0EC2CA3CCD24Z/p/?o=zb664012a0ec2ca3ccd24z-1,"umbro 2 Pieces Push Up Bar, Assorted ",50.95,,,
,umbro,2024-10-10,Y,11 - 12 Oct,https://www.noon.com//uae-en/pilates-rowing-exerciser-28-x-43-cm-blue/Z718CFEC937114515696FZ/p/?o=z718cfec937114515696fz-1,"umbro Pilates Rowing Exerciser 28 x 43 cm, Blue ",45.95,,,
,Reebok,2024-10-10,Y,11 - 12 Oct,https://www.noon.com//uae-en/rswt-160675-dumbbell-1kg-black/Z93894F07ADF3FBEAF5FAZ/p/?o=z93894f07adf3fbeaf5faz-1,"Reebok Rswt,160675 Dumbbell 1kg, Black ",50.95,,,
4.1,MahMir,2024-10-10,,1 HR 23 MINS,https://www.noon.com//uae-en/mahmir-eva-foam-roller-for-yoga-deep-tissue-massage-stretching-physical-therapy-relieve-stress-improve-mobility-with-foam-roller-for-legs-and-muscles-deep-tissue-massage-tool-pink/Z30868C98E61D2ABA2621Z/p/?o=f86054bcf9ab9e2f,"MahMir Mahmir® EVA Foam Roller for Yoga, Deep Tissue Massage, Stretching, Physical Therapy, Relieve Stress, Improve Mobility with Foam Roller for Legs and Muscles - Deep Tissue Massage Tool (Pink) ",29.95,8,,
4.4,SAPU,2024-10-10,Y,11 - 12 Oct,https://www.noon.com//uae-en/8-sections-pulling-yoga-band-85x4cm/N38925315A/p/?o=a250e52db860e9ba,SAPU 8-Sections Pulling Yoga Band 85x4cm ,29.65,12,,
,BLOOMING,2024-10-10,Y,11 - 12 Oct,https://www.noon.com//uae-en/5-piece-fitness-yoga-mat-set-home-exercise-and-fitness-use-purple/ZA5E1BC7B9B0386840FA0Z/p/?o=za5e1bc7b9b0386840fa0z-1,"BLOOMING TIME 5 Piece Fitness Yoga Mat Set, Home Exercise And Fitness Use, Purple ",43.55,, 80,
,GROIC,2024-10-10,Y,11 - 12 Oct,https://www.noon.com//uae-en/elastic-yoga-stretching-strap-53-15-inch-adjustable-11-loop-stretch-strap-training-dance-stretch-band-for-leg-pilates-gymnastics-home-exercise-workout-equipment-adult-children/Z9121634503782779F2E2Z/p/?o=z9121634503782779f2e2z-1,GROIC Elastic Yoga Stretching Strap 53.15 Inch Adjustable 11 Loop Stretch Strap Training Dance Stretch Band for Leg Pilates Gymnastics Home Exercise Workout Equipment Adult Children ,48.95,, 200,
5.0,SYOSI,2024-10-10,Y,12 Oct,https://www.noon.com//uae-en/3-pairs-of-running-yoga-non-slip-shoes-and-socks-women-s-five-finger-running-socks-with-grip/Z5E1251571777B6F478EFZ/p/?o=z5e1251571777b6f478efz-1,SYOSI 3 Pairs Of Running Yoga Non-Slip Shoes And Socks Women'S Five-Finger Running Socks With Grip ,52.05,1, 63.45,
,SYOSI,2024-10-10,Y,12 Oct,https://www.noon.com//uae-en/2-pack-yoga-socks-women-s-pilates-socks-non-slip-anti-skid-sticky-pure-barre-ballet-dance-socks-with-grips-barefoot-workout-fitness-dancer/Z19D4E415C82774F83C76Z/p/?o=z19d4e415c82774f83c76z-1,SYOSI 2 Pack Yoga Socks Women's Pilates Socks Non Slip Anti Skid Sticky Pure Barre Ballet Dance Socks with Grips Barefoot Workout Fitness Dancer ,52.45,, 61.70,
3.6,body,2024-10-10,,"1 HR 23 MINS,1 HR 23 MINS,11 - 12 Oct","https://www.noon.com//uae-en/yoga-ball-with-air-pump-65-cm-65cm/N16529618A/p/?o=d6608429a90a4d6e,https://www.noon.com//uae-en/yoga-ball-with-air-pump-65-cm-65cm/N16529618A/p/?o=f9b7a9fc715591bb,https://www.noon.com//uae-en/yoga-ball-with-air-pump-65-cm-65cm/N16529618A/p/?o=d6608429a90a4d6e",body heart Yoga Ball With Air Pump - 65 cm 65cm ,31.60,9, 40.55,
3.7,QiaoKai,2024-10-10,Y,11 - 12 Oct,https://www.noon.com//uae-en/pilates-and-yoga-rubber-resistance-band/N15686964A/p/?o=fab8abbb78d9beab,QiaoKai Pilates And Yoga Rubber Resistance Band ,18.75,50,,
4.5,TOEON,2024-10-10,,1 HR 23 MINS,https://www.noon.com//uae-en/anti-slip-fitness-gliding-disc-50x70cm/N28558716A/p/?o=a1a836353e43835d,TOEON Anti-Slip Fitness Gliding Disc 50x70cm ,20.20,2, 21.75,
,Hihonor,2024-10-10,,1 HR 23 MINS,https://www.noon.com//uae-en/leg-stretcher-strap-backbend-training-belt-with-door-anchor-flexibility-trainer-stretching-equipment-assist-stretch-strap-for-fitness-gymnastics-dance-aerial-yoga-ballet/Z303ABA78CAF410F9E5D3Z/p/?o=d5e03e06684d6b7e,"Hihonor Leg Stretcher Strap, Backbend Training Belt with Door Anchor, Flexibility Trainer Stretching Equipment Assist Stretch Strap for Fitness Gymnastics Dance Aerial Yoga Ballet ",49,,,
3.8,NNEWVANTE,2024-10-10,Y,11 - 12 Oct,https://www.noon.com//uae-en/nnewvante-silk-sleep-mask-2-pack-100-real-natural-pure-silk-eye-mask-with-adjustable-strap-eye-mask-for-sleeping-eye-sleep-shade-cover-blocks-light-reduces-puffy-eyes-gifts/Z549615CC1C4033D14D98Z/p/?o=z549615cc1c4033d14d98z-1,"NNEWVANTE Nnewvante Silk Sleep Mask, 2 Pack 100% Real Natural Pure Silk Eye Mask with Adjustable Strap, Eye Mask for Sleeping, Eye Sleep Shade Cover, Blocks Light Reduces Puffy Eyes Gifts ",23.95,3, 35.95,
